date,amount,vendor,classes
2023-01-01,30071.15,Daily Fresh Milk,CANTEEN
2023-01-01,1647.54,Baker Choice,CANTEEN
2023-01-01,8710.2,Spice World,GUEST HOUSE
2023-01-01,38079.54,Wholesale Flour,GUEST HOUSE
2023-01-01,7949.8,C H M Traders Nandini,MESS 1
2023-01-01,3741.88,Milan Agencies,MESS 1
2023-01-01,3827.81,Priya Vegitables Chalai,MESS 2
2023-01-01,1434.72,Amma Vegitables,MESS 2
2023-01-02,2991.6,Priya Vegitables Chalai,CANTEEN
2023-01-02,1490.06,Amma Vegitables,CANTEEN
2023-01-02,3956.91,Spice World,GUEST HOUSE
2023-01-02,3693.61,Milan Agencies,GUEST HOUSE
2023-01-02,5551.64,Daily Fresh Milk,MESS 1
2023-01-02,2394.17,Baker Choice,MESS 1
2023-01-02,3267.1,Daily Fresh Milk,MESS 2
2023-01-02,2013.59,Baker Choice,MESS 2
2023-01-03,6938.62,Daily Fresh Milk,CANTEEN
2023-01-03,4162.39,Baker Choice,CANTEEN
2023-01-03,7069.62,C H M Traders Nandini,GUEST HOUSE
2023-01-03,2428.42,Milan Agencies,GUEST HOUSE
2023-01-03,51645.73,Daily Fresh Milk,MESS 1
2023-01-03,2545.64,City Meat Center,MESS 1
2023-01-03,18103.52,Spice World,MESS 2
2023-01-04,959.3,C H M Traders Nandini,CANTEEN
2023-01-04,3922.8,Milan Agencies,CANTEEN
2023-01-04,1956.96,Wholesale Flour,GUEST HOUSE
2023-01-04,20288.59,Milan Agencies,GUEST HOUSE
2023-01-04,52843.99,Spice World,MESS 1
2023-01-04,2032.44,Wholesale Flour,MESS 1
2023-01-04,2062.93,C H M Traders Nandini,MESS 2
2023-01-04,841.14,Milan Agencies,MESS 2
2023-01-05,6541.45,Spice World,CANTEEN
2023-01-05,2607.55,Daily Fresh Milk,CANTEEN
2023-01-05,22666.02,C H M Traders Nandini,GUEST HOUSE
2023-01-05,7390.24,Milan Agencies,GUEST HOUSE
2023-01-05,23233.07,Baker Choice,MESS 1
2023-01-05,690.24,Blue Water Supplies,MESS 1
2023-01-05,14358.17,Milan Agencies,MESS 1
2023-01-05,835.83,Farm Fresh Poultry,MESS 2
2023-01-06,786.56,Daily Fresh Milk,CANTEEN
2023-01-06,9449.21,Baker Choice,CANTEEN
2023-01-06,1589.13,Spice World,GUEST HOUSE
2023-01-06,4344.87,Wholesale Flour,GUEST HOUSE
2023-01-06,5260.99,Wholesale Flour,MESS 1
2023-01-06,4103.6,Blue Water Supplies,MESS 1
2023-01-06,1549.54,Clean & Clear Services,MESS 1
2023-01-06,3965.78,Spice World,MESS 2
2023-01-07,3019.51,Daily Fresh Milk,CANTEEN
2023-01-07,1440.31,Baker Choice,CANTEEN
2023-01-07,1772.92,Priya Vegitables Chalai,GUEST HOUSE
2023-01-07,13770.1,Amma Vegitables,GUEST HOUSE
2023-01-07,27029.66,C H M Traders Nandini,MESS 1
2023-01-07,1239.71,Milan Agencies,MESS 1
2023-01-07,3426.97,City Meat Center,MESS 2
2023-01-07,5310.71,Blue Water Supplies,MESS 2
2023-01-07,635.01,General Provision Store,MESS 2
2023-01-08,2848.46,Priya Vegitables Chalai,CANTEEN
2023-01-08,38189.57,Amma Vegitables,CANTEEN
2023-01-08,1193.71,C H M Traders Nandini,GUEST HOUSE
2023-01-08,1076.49,Milan Agencies,GUEST HOUSE
2023-01-08,842.18,C H M Traders Nandini,MESS 1
2023-01-08,18482.91,Milan Agencies,MESS 1
2023-01-08,2705.23,C H M Traders Nandini,MESS 2
2023-01-08,41282.57,General Provision Store,MESS 2
2023-01-09,1713.18,Daily Fresh Milk,CANTEEN
2023-01-09,426.24,Spice World,GUEST HOUSE
2023-01-09,419.09,Wholesale Flour,GUEST HOUSE
2023-01-09,3317.59,Priya Vegitables Chalai,MESS 1
2023-01-09,3304.02,Amma Vegitables,MESS 1
2023-01-09,1187.14,C H M Traders Nandini,MESS 2
2023-01-09,3339.49,Wholesale Flour,MESS 2
2023-01-10,1764.5,City Meat Center,CANTEEN
2023-01-10,3086.44,Priya Vegitables Chalai,CANTEEN
2023-01-10,449.01,Wholesale Flour,GUEST HOUSE
2023-01-10,2825.11,Milan Agencies,GUEST HOUSE
2023-01-10,445.39,Clean & Clear Services,GUEST HOUSE
2023-01-10,896.66,Priya Vegitables Chalai,MESS 1
2023-01-10,1363.36,Amma Vegitables,MESS 1
2023-01-10,3288.6,General Provision Store,MESS 2
2023-01-11,2928.33,C H M Traders Nandini,CANTEEN
2023-01-11,7720.29,Milan Agencies,CANTEEN
2023-01-11,347.11,Daily Fresh Milk,GUEST HOUSE
2023-01-11,3842.14,Baker Choice,GUEST HOUSE
2023-01-11,1167.08,Green Leaf Salads,MESS 1
2023-01-11,3676.27,C H M Traders Nandini,MESS 2
2023-01-11,875.76,Wholesale Flour,MESS 2
2023-01-12,2762.3,C H M Traders Nandini,CANTEEN
2023-01-12,872.31,Milan Agencies,CANTEEN
2023-01-12,3102.52,Blue Water Supplies,GUEST HOUSE
2023-01-12,40215.87,Milan Agencies,GUEST HOUSE
2023-01-12,3363.98,Milan Agencies,MESS 1
2023-01-12,9713.84,C H M Traders Nandini,MESS 2
2023-01-12,3096.19,Milan Agencies,MESS 2
2023-01-13,9037.12,Daily Fresh Milk,CANTEEN
2023-01-13,626.04,Green Leaf Salads,CANTEEN
2023-01-13,1090.9,Milan Agencies,GUEST HOUSE
2023-01-13,574.25,Priya Vegitables Chalai,MESS 1
2023-01-13,4650.15,Amma Vegitables,MESS 1
2023-01-13,6629.65,Spice World,MESS 2
2023-01-13,1499.52,Wholesale Flour,MESS 2
2023-01-14,9192.19,Spice World,CANTEEN
2023-01-14,1102.25,Wholesale Flour,CANTEEN
2023-01-14,2056.42,Spice World,GUEST HOUSE
2023-01-14,903.03,Wholesale Flour,GUEST HOUSE
2023-01-14,3289.22,Priya Vegitables Chalai,MESS 1
2023-01-14,1337.83,General Provision Store,MESS 1
2023-01-14,864.29,C H M Traders Nandini,MESS 2
2023-01-14,1339.9,General Provision Store,MESS 2
2023-01-14,721.29,Clean & Clear Services,MESS 2
2023-01-15,697.85,Priya Vegitables Chalai,CANTEEN
2023-01-15,310.84,Amma Vegitables,CANTEEN
2023-01-15,1087.62,C H M Traders Nandini,GUEST HOUSE
2023-01-15,438.86,Blue Water Supplies,GUEST HOUSE
2023-01-15,3446.49,Farm Fresh Poultry,GUEST HOUSE
2023-01-15,7602.11,C H M Traders Nandini,MESS 1
2023-01-15,4408.89,Milan Agencies,MESS 1
2023-01-15,20181.91,Spice World,MESS 2
2023-01-15,1096.58,General Provision Store,MESS 2
2023-01-16,904.02,Spice World,CANTEEN
2023-01-16,3574.73,Wholesale Flour,CANTEEN
2023-01-16,2531.54,Amma Vegitables,CANTEEN
2023-01-16,3735.24,Priya Vegitables Chalai,GUEST HOUSE
2023-01-16,1935.45,Amma Vegitables,GUEST HOUSE
2023-01-16,63163.71,Spice World,MESS 1
2023-01-16,868.82,Wholesale Flour,MESS 1
2023-01-16,5548.53,Green Leaf Salads,MESS 2
2023-01-16,348.09,Amma Vegitables,MESS 2
2023-01-17,16526.12,Priya Vegitables Chalai,CANTEEN
2023-01-17,251.61,Amma Vegitables,CANTEEN
2023-01-17,1569.64,Daily Fresh Milk,GUEST HOUSE
2023-01-17,3302.99,Baker Choice,GUEST HOUSE
2023-01-17,2411.15,General Provision Store,MESS 1
2023-01-17,2521.6,Green Leaf Salads,MESS 1
2023-01-17,223.89,Milan Agencies,MESS 1
2023-01-17,2393.45,Spice World,MESS 2
2023-01-17,2476.66,Wholesale Flour,MESS 2
2023-01-18,673.0,C H M Traders Nandini,CANTEEN
2023-01-18,2991.98,Milan Agencies,CANTEEN
2023-01-18,871.36,Green Leaf Salads,GUEST HOUSE
2023-01-18,19578.15,Priya Vegitables Chalai,MESS 1
2023-01-18,11582.2,Spice World,MESS 2
2023-01-18,1271.9,City Meat Center,MESS 2
2023-01-18,5579.45,Amma Vegitables,MESS 2
2023-01-19,26605.57,Wholesale Flour,CANTEEN
2023-01-19,1491.07,Baker Choice,CANTEEN
2023-01-19,10360.19,City Meat Center,CANTEEN
2023-01-19,5013.03,Spice World,GUEST HOUSE
2023-01-19,1274.9,Priya Vegitables Chalai,GUEST HOUSE
2023-01-19,3466.45,Milan Agencies,GUEST HOUSE
2023-01-19,444.28,Green Leaf Salads,MESS 1
2023-01-19,3750.93,City Meat Center,MESS 1
2023-01-19,39137.0,Wholesale Flour,MESS 2
2023-01-19,9884.41,Farm Fresh Poultry,MESS 2
2023-01-20,10823.5,Wholesale Flour,CANTEEN
2023-01-20,8465.66,Daily Fresh Milk,GUEST HOUSE
2023-01-20,4060.04,Baker Choice,GUEST HOUSE
2023-01-20,1994.47,Daily Fresh Milk,MESS 1
2023-01-20,8328.32,Green Leaf Salads,MESS 1
2023-01-20,414.91,City Meat Center,MESS 2
2023-01-21,6914.19,Wholesale Flour,CANTEEN
2023-01-21,1676.63,Milan Agencies,CANTEEN
2023-01-21,763.69,Clean & Clear Services,CANTEEN
2023-01-21,2516.02,Priya Vegitables Chalai,GUEST HOUSE
2023-01-21,9477.84,Amma Vegitables,GUEST HOUSE
2023-01-21,699.89,Priya Vegitables Chalai,MESS 1
2023-01-21,672.94,General Provision Store,MESS 1
2023-01-21,820.28,Clean & Clear Services,MESS 1
2023-01-21,20229.03,Spice World,MESS 2
2023-01-21,1323.37,Wholesale Flour,MESS 2
2023-01-22,3982.87,Clean & Clear Services,CANTEEN
2023-01-22,6500.71,Clean & Clear Services,GUEST HOUSE
2023-01-22,2385.66,Green Leaf Salads,MESS 1
2023-01-22,4323.28,Wholesale Flour,MESS 2
2023-01-22,23564.85,Baker Choice,MESS 2
2023-01-22,3070.08,Milan Agencies,MESS 2
2023-01-23,1335.92,Wholesale Flour,CANTEEN
2023-01-23,5518.97,Spice World,GUEST HOUSE
2023-01-23,2841.24,Wholesale Flour,GUEST HOUSE
2023-01-23,3108.84,Spice World,MESS 1
2023-01-23,1364.13,Wholesale Flour,MESS 1
2023-01-23,10988.87,Daily Fresh Milk,MESS 2
2023-01-23,477.12,Baker Choice,MESS 2
2023-01-24,545.81,Daily Fresh Milk,CANTEEN
2023-01-24,565.25,Baker Choice,CANTEEN
2023-01-24,798.86,Priya Vegitables Chalai,GUEST HOUSE
2023-01-24,41461.42,Amma Vegitables,GUEST HOUSE
2023-01-24,5357.78,C H M Traders Nandini,MESS 1
2023-01-24,3988.86,Milan Agencies,MESS 1
2023-01-24,1469.81,Daily Fresh Milk,MESS 2
2023-01-25,3892.49,Wholesale Flour,CANTEEN
2023-01-25,7606.6,Baker Choice,CANTEEN
2023-01-25,2724.17,Farm Fresh Poultry,CANTEEN
2023-01-25,2741.63,Spice World,GUEST HOUSE
2023-01-25,4468.82,Wholesale Flour,GUEST HOUSE
2023-01-25,1055.51,Daily Fresh Milk,MESS 1
2023-01-25,7386.88,Baker Choice,MESS 1
2023-01-25,985.4,C H M Traders Nandini,MESS 2
2023-01-25,291.01,Milan Agencies,MESS 2
2023-01-26,2342.98,C H M Traders Nandini,CANTEEN
2023-01-26,7026.48,Milan Agencies,CANTEEN
2023-01-26,7305.87,Spice World,GUEST HOUSE
2023-01-26,3430.94,Amma Vegitables,GUEST HOUSE
2023-01-26,27251.82,Spice World,MESS 1
2023-01-26,6170.5,Wholesale Flour,MESS 1
2023-01-26,561.25,Priya Vegitables Chalai,MESS 2
2023-01-26,3302.48,Amma Vegitables,MESS 2
2023-01-27,2300.51,Green Leaf Salads,CANTEEN
2023-01-27,1648.74,Blue Water Supplies,CANTEEN
2023-01-27,42217.42,Daily Fresh Milk,GUEST HOUSE
2023-01-27,7395.22,Baker Choice,GUEST HOUSE
2023-01-27,19076.32,C H M Traders Nandini,MESS 1
2023-01-27,2936.22,Milan Agencies,MESS 1
2023-01-27,18329.63,Wholesale Flour,MESS 2
2023-01-28,1257.59,Daily Fresh Milk,CANTEEN
2023-01-28,347.83,General Provision Store,CANTEEN
2023-01-28,1090.39,Clean & Clear Services,CANTEEN
2023-01-28,3868.33,Spice World,GUEST HOUSE
2023-01-28,3195.46,Farm Fresh Poultry,GUEST HOUSE
2023-01-28,6729.42,Priya Vegitables Chalai,MESS 1
2023-01-28,16171.85,Blue Water Supplies,MESS 1
2023-01-28,925.93,Wholesale Flour,MESS 1
2023-01-28,1174.24,Farm Fresh Poultry,MESS 2
2023-01-28,4054.27,Milan Agencies,MESS 2
2023-01-29,6474.51,Wholesale Flour,CANTEEN
2023-01-29,328.34,Farm Fresh Poultry,CANTEEN
2023-01-29,2665.55,General Provision Store,GUEST HOUSE
2023-01-29,5632.22,C H M Traders Nandini,MESS 1
2023-01-29,4422.82,Milan Agencies,MESS 1
2023-01-29,4265.19,C H M Traders Nandini,MESS 2
2023-01-29,278.29,Milan Agencies,MESS 2
2023-01-30,13530.66,C H M Traders Nandini,CANTEEN
2023-01-30,5446.78,Priya Vegitables Chalai,CANTEEN
2023-01-30,6250.31,Blue Water Supplies,CANTEEN
2023-01-30,1141.51,Priya Vegitables Chalai,GUEST HOUSE
2023-01-30,561.46,Amma Vegitables,GUEST HOUSE
2023-01-30,691.5,Daily Fresh Milk,MESS 1
2023-01-30,1335.01,Baker Choice,MESS 1
2023-01-30,1433.25,C H M Traders Nandini,MESS 2
2023-01-30,39949.2,Blue Water Supplies,MESS 2
2023-01-31,24306.39,Priya Vegitables Chalai,CANTEEN
2023-01-31,2824.64,Amma Vegitables,CANTEEN
2023-01-31,3130.41,C H M Traders Nandini,GUEST HOUSE
2023-01-31,272.16,Milan Agencies,GUEST HOUSE
2023-01-31,9989.09,Spice World,MESS 1
2023-01-31,14041.59,Baker Choice,MESS 1
2023-01-31,4789.07,Priya Vegitables Chalai,MESS 2
2023-01-31,6832.91,Amma Vegitables,MESS 2
2023-02-01,3294.44,Daily Fresh Milk,CANTEEN
2023-02-01,1589.0,Baker Choice,CANTEEN
2023-02-01,3356.75,Spice World,GUEST HOUSE
2023-02-01,721.44,Wholesale Flour,GUEST HOUSE
2023-02-01,9624.66,C H M Traders Nandini,MESS 1
2023-02-01,864.58,Milan Agencies,MESS 1
2023-02-01,3542.25,C H M Traders Nandini,MESS 2
2023-02-01,13619.19,Milan Agencies,MESS 2
2023-02-02,13156.5,Daily Fresh Milk,CANTEEN
2023-02-02,3218.31,Baker Choice,CANTEEN
2023-02-02,806.03,Wholesale Flour,GUEST HOUSE
2023-02-02,1054.13,Green Leaf Salads,GUEST HOUSE
2023-02-02,13324.43,Blue Water Supplies,GUEST HOUSE
2023-02-02,14108.91,C H M Traders Nandini,MESS 1
2023-02-02,2556.27,Green Leaf Salads,MESS 1
2023-02-02,3324.48,Spice World,MESS 2
2023-02-02,4660.02,Wholesale Flour,MESS 2
2023-02-03,8576.17,C H M Traders Nandini,CANTEEN
2023-02-03,4670.02,Milan Agencies,CANTEEN
2023-02-03,7311.98,Daily Fresh Milk,GUEST HOUSE
2023-02-03,8043.98,Blue Water Supplies,GUEST HOUSE
2023-02-03,17955.86,Farm Fresh Poultry,GUEST HOUSE
2023-02-03,2092.6,Priya Vegitables Chalai,MESS 1
2023-02-03,2384.17,Amma Vegitables,MESS 1
2023-02-03,1132.34,Priya Vegitables Chalai,MESS 2
2023-02-03,1716.88,Amma Vegitables,MESS 2
2023-02-04,386.96,Green Leaf Salads,CANTEEN
2023-02-04,4192.21,City Meat Center,CANTEEN
2023-02-04,19908.78,Clean & Clear Services,CANTEEN
2023-02-04,2183.91,Priya Vegitables Chalai,GUEST HOUSE
2023-02-04,5097.19,General Provision Store,GUEST HOUSE
2023-02-04,5472.97,Amma Vegitables,GUEST HOUSE
2023-02-04,20126.6,Daily Fresh Milk,MESS 1
2023-02-04,2177.26,Baker Choice,MESS 1
2023-02-04,2332.85,Priya Vegitables Chalai,MESS 2
2023-02-04,1175.57,Amma Vegitables,MESS 2
2023-02-05,12634.23,Wholesale Flour,CANTEEN
2023-02-05,1498.04,Priya Vegitables Chalai,CANTEEN
2023-02-05,336.43,Blue Water Supplies,GUEST HOUSE
2023-02-05,3634.13,Spice World,MESS 1
2023-02-05,1897.51,Wholesale Flour,MESS 1
2023-02-05,3476.23,Wholesale Flour,MESS 2
2023-02-05,386.2,Baker Choice,MESS 2
2023-02-05,7287.2,Amma Vegitables,MESS 2
2023-02-06,1858.55,Priya Vegitables Chalai,CANTEEN
2023-02-06,2724.54,Amma Vegitables,CANTEEN
2023-02-06,5274.96,Spice World,GUEST HOUSE
2023-02-06,767.23,Wholesale Flour,GUEST HOUSE
2023-02-06,29935.67,Priya Vegitables Chalai,MESS 1
2023-02-06,923.58,Amma Vegitables,MESS 1
2023-02-06,258.08,City Meat Center,MESS 2
2023-02-06,6796.63,Green Leaf Salads,MESS 2
2023-02-06,1079.44,General Provision Store,MESS 2
2023-02-07,2536.3,Priya Vegitables Chalai,CANTEEN
2023-02-07,19896.9,Amma Vegitables,CANTEEN
2023-02-07,6895.1,Spice World,GUEST HOUSE
2023-02-07,15008.88,Wholesale Flour,GUEST HOUSE
2023-02-07,308.56,Farm Fresh Poultry,MESS 1
2023-02-07,3755.19,Blue Water Supplies,MESS 2
2023-02-08,2487.94,Spice World,CANTEEN
2023-02-08,15433.46,Baker Choice,CANTEEN
2023-02-08,15545.11,C H M Traders Nandini,GUEST HOUSE
2023-02-08,7665.68,Milan Agencies,GUEST HOUSE
2023-02-08,6567.31,C H M Traders Nandini,MESS 1
2023-02-08,1652.06,Spice World,MESS 2
2023-02-08,2565.67,Wholesale Flour,MESS 2
2023-02-09,1340.68,Daily Fresh Milk,CANTEEN
2023-02-09,2046.34,Baker Choice,CANTEEN
2023-02-09,6325.15,Daily Fresh Milk,GUEST HOUSE
2023-02-09,3350.57,Baker Choice,GUEST HOUSE
2023-02-09,276.49,Green Leaf Salads,MESS 1
2023-02-09,4509.64,C H M Traders Nandini,MESS 2
2023-02-09,657.46,Wholesale Flour,MESS 2
2023-02-09,1443.99,Farm Fresh Poultry,MESS 2
2023-02-10,1564.2,Daily Fresh Milk,CANTEEN
2023-02-10,3662.98,Spice World,GUEST HOUSE
2023-02-10,33620.78,Wholesale Flour,GUEST HOUSE
2023-02-10,2193.83,C H M Traders Nandini,MESS 1
2023-02-10,2370.63,Milan Agencies,MESS 1
2023-02-10,3197.93,Daily Fresh Milk,MESS 2
2023-02-10,1066.43,Baker Choice,MESS 2
2023-02-11,839.11,C H M Traders Nandini,CANTEEN
2023-02-11,1007.72,Milan Agencies,CANTEEN
2023-02-11,3009.26,Spice World,GUEST HOUSE
2023-02-11,5787.32,Wholesale Flour,GUEST HOUSE
2023-02-11,6024.92,C H M Traders Nandini,MESS 1
2023-02-11,2720.59,Milan Agencies,MESS 1
2023-02-11,10140.33,Milan Agencies,MESS 2
2023-02-12,5582.45,City Meat Center,CANTEEN
2023-02-12,1902.22,Daily Fresh Milk,GUEST HOUSE
2023-02-12,1343.95,Baker Choice,GUEST HOUSE
2023-02-12,9469.42,C H M Traders Nandini,MESS 1
2023-02-12,838.89,Milan Agencies,MESS 1
2023-02-12,2081.34,Priya Vegitables Chalai,MESS 2
2023-02-12,17705.29,Amma Vegitables,MESS 2
2023-02-13,8950.19,Spice World,CANTEEN
2023-02-13,1474.0,Wholesale Flour,CANTEEN
2023-02-13,1474.84,C H M Traders Nandini,GUEST HOUSE
2023-02-13,3313.01,Milan Agencies,GUEST HOUSE
2023-02-13,374.75,Blue Water Supplies,MESS 1
2023-02-13,2875.41,Priya Vegitables Chalai,MESS 2
2023-02-13,1819.93,Amma Vegitables,MESS 2
2023-02-14,1018.88,C H M Traders Nandini,CANTEEN
2023-02-14,2297.93,Green Leaf Salads,CANTEEN
2023-02-14,1718.7,Clean & Clear Services,CANTEEN
2023-02-14,2716.4,Daily Fresh Milk,GUEST HOUSE
2023-02-14,6969.64,Baker Choice,GUEST HOUSE
2023-02-14,6339.56,Spice World,MESS 1
2023-02-14,4260.28,Wholesale Flour,MESS 1
2023-02-14,1183.99,Priya Vegitables Chalai,MESS 2
2023-02-14,4792.62,Amma Vegitables,MESS 2
2023-02-15,621.87,Priya Vegitables Chalai,CANTEEN
2023-02-15,2237.77,Amma Vegitables,CANTEEN
2023-02-15,5520.07,Priya Vegitables Chalai,GUEST HOUSE
2023-02-15,19990.39,Amma Vegitables,GUEST HOUSE
2023-02-15,1000.43,Daily Fresh Milk,MESS 1
2023-02-15,1913.59,Baker Choice,MESS 1
2023-02-15,1090.14,Blue Water Supplies,MESS 2
2023-02-15,936.39,Milan Agencies,MESS 2
2023-02-16,4154.82,Blue Water Supplies,CANTEEN
2023-02-16,2183.36,C H M Traders Nandini,GUEST HOUSE
2023-02-16,3015.59,Milan Agencies,GUEST HOUSE
2023-02-16,1786.45,Priya Vegitables Chalai,MESS 1
2023-02-16,2598.43,Amma Vegitables,MESS 1
2023-02-16,5910.57,Daily Fresh Milk,MESS 2
2023-02-16,4042.08,Baker Choice,MESS 2
2023-02-17,1689.25,Blue Water Supplies,CANTEEN
2023-02-17,936.59,General Provision Store,CANTEEN
2023-02-17,2765.39,Spice World,GUEST HOUSE
2023-02-17,1995.53,Priya Vegitables Chalai,MESS 1
2023-02-17,2703.4,Amma Vegitables,MESS 1
2023-02-17,4122.43,Spice World,MESS 2
2023-02-17,583.11,Wholesale Flour,MESS 2
2023-02-18,3915.65,Baker Choice,CANTEEN
2023-02-18,12332.52,Priya Vegitables Chalai,CANTEEN
2023-02-18,1302.24,C H M Traders Nandini,GUEST HOUSE
2023-02-18,1364.49,Spice World,GUEST HOUSE
2023-02-18,5307.6,Wholesale Flour,MESS 1
2023-02-18,5917.91,Clean & Clear Services,MESS 1
2023-02-18,2277.19,Daily Fresh Milk,MESS 2
2023-02-18,839.24,Baker Choice,MESS 2
2023-02-19,10687.7,Daily Fresh Milk,CANTEEN
2023-02-19,13398.92,Baker Choice,CANTEEN
2023-02-19,5109.06,City Meat Center,GUEST HOUSE
2023-02-19,2292.97,Priya Vegitables Chalai,GUEST HOUSE
2023-02-19,4181.76,Spice World,MESS 1
2023-02-19,8761.55,Wholesale Flour,MESS 1
2023-02-19,10366.89,Spice World,MESS 2
2023-02-19,1674.55,Farm Fresh Poultry,MESS 2
2023-02-19,3348.67,Milan Agencies,MESS 2
2023-02-20,770.05,C H M Traders Nandini,CANTEEN
2023-02-20,4088.71,Milan Agencies,CANTEEN
2023-02-20,19051.56,Spice World,GUEST HOUSE
2023-02-20,3945.16,General Provision Store,GUEST HOUSE
2023-02-20,5088.16,Daily Fresh Milk,MESS 1
2023-02-20,5170.43,Priya Vegitables Chalai,MESS 1
2023-02-20,1781.95,Milan Agencies,MESS 1
2023-02-20,1685.56,Daily Fresh Milk,MESS 2
2023-02-20,470.81,Baker Choice,MESS 2
2023-02-21,14039.03,Amma Vegitables,CANTEEN
2023-02-21,2675.84,Clean & Clear Services,CANTEEN
2023-02-21,1357.27,Spice World,GUEST HOUSE
2023-02-21,823.73,Daily Fresh Milk,MESS 1
2023-02-21,1280.13,Baker Choice,MESS 1
2023-02-21,525.99,Spice World,MESS 2
2023-02-21,1258.12,Wholesale Flour,MESS 2
2023-02-22,3649.75,C H M Traders Nandini,CANTEEN
2023-02-22,1687.09,Milan Agencies,CANTEEN
2023-02-22,14020.26,C H M Traders Nandini,GUEST HOUSE
2023-02-22,5900.82,Baker Choice,GUEST HOUSE
2023-02-22,545.67,Daily Fresh Milk,MESS 1
2023-02-22,9682.33,Baker Choice,MESS 1
2023-02-22,911.82,Wholesale Flour,MESS 2
2023-02-22,2511.73,Green Leaf Salads,MESS 2
2023-02-22,10200.25,Milan Agencies,MESS 2
2023-02-23,540.1,Spice World,CANTEEN
2023-02-23,2920.04,Daily Fresh Milk,CANTEEN
2023-02-23,2805.9,Blue Water Supplies,CANTEEN
2023-02-23,2139.59,Priya Vegitables Chalai,GUEST HOUSE
2023-02-23,169.73,Amma Vegitables,GUEST HOUSE
2023-02-23,14669.63,Spice World,MESS 1
2023-02-23,2145.52,Priya Vegitables Chalai,MESS 1
2023-02-23,3171.09,General Provision Store,MESS 1
2023-02-23,1568.53,Priya Vegitables Chalai,MESS 2
2023-02-23,37147.87,Amma Vegitables,MESS 2
2023-02-24,7119.53,City Meat Center,CANTEEN
2023-02-24,3632.82,General Provision Store,CANTEEN
2023-02-24,18880.06,C H M Traders Nandini,GUEST HOUSE
2023-02-24,21964.79,General Provision Store,GUEST HOUSE
2023-02-24,5153.23,Milan Agencies,GUEST HOUSE
2023-02-24,1554.87,C H M Traders Nandini,MESS 1
2023-02-24,4403.69,Spice World,MESS 1
2023-02-24,1523.08,Daily Fresh Milk,MESS 1
2023-02-24,4448.71,City Meat Center,MESS 2
2023-02-24,4495.57,Baker Choice,MESS 2
2023-02-24,2028.76,Green Leaf Salads,MESS 2
2023-02-25,908.87,Daily Fresh Milk,CANTEEN
2023-02-25,18310.56,Baker Choice,CANTEEN
2023-02-25,85622.66,C H M Traders Nandini,GUEST HOUSE
2023-02-25,2342.15,Milan Agencies,GUEST HOUSE
2023-02-25,1055.86,General Provision Store,MESS 1
2023-02-25,743.54,City Meat Center,MESS 1
2023-02-25,7380.15,Amma Vegitables,MESS 1
2023-02-25,10706.97,C H M Traders Nandini,MESS 2
2023-02-25,2180.19,Milan Agencies,MESS 2
2023-02-26,10352.23,C H M Traders Nandini,CANTEEN
2023-02-26,7186.19,Daily Fresh Milk,CANTEEN
2023-02-26,963.46,Wholesale Flour,CANTEEN
2023-02-26,1247.66,Baker Choice,GUEST HOUSE
2023-02-26,384.5,Farm Fresh Poultry,GUEST HOUSE
2023-02-26,1955.56,Clean & Clear Services,GUEST HOUSE
2023-02-26,3171.08,Green Leaf Salads,MESS 1
2023-02-26,1242.14,Spice World,MESS 2
2023-02-26,1219.74,Wholesale Flour,MESS 2
2023-02-27,321.48,Farm Fresh Poultry,CANTEEN
2023-02-27,3938.64,General Provision Store,CANTEEN
2023-02-27,2433.39,C H M Traders Nandini,GUEST HOUSE
2023-02-27,210.51,Milan Agencies,GUEST HOUSE
2023-02-27,9389.53,C H M Traders Nandini,MESS 1
2023-02-27,2302.82,Green Leaf Salads,MESS 2
2023-02-27,17195.11,Amma Vegitables,MESS 2
2023-02-28,3130.78,Priya Vegitables Chalai,CANTEEN
2023-02-28,2161.04,Amma Vegitables,CANTEEN
2023-02-28,632.0,Amma Vegitables,GUEST HOUSE
2023-02-28,590.39,Priya Vegitables Chalai,MESS 1
2023-02-28,977.39,Amma Vegitables,MESS 1
2023-02-28,1995.65,Clean & Clear Services,MESS 2
2023-03-01,1312.7,Priya Vegitables Chalai,CANTEEN
2023-03-01,12924.3,Amma Vegitables,CANTEEN
2023-03-01,19739.58,Priya Vegitables Chalai,GUEST HOUSE
2023-03-01,2092.64,Daily Fresh Milk,MESS 1
2023-03-01,11861.77,Baker Choice,MESS 1
2023-03-01,23279.41,Spice World,MESS 2
2023-03-01,4343.96,Wholesale Flour,MESS 2
2023-03-02,1719.99,C H M Traders Nandini,CANTEEN
2023-03-02,4804.68,Milan Agencies,CANTEEN
2023-03-02,1628.76,Spice World,GUEST HOUSE
2023-03-02,7742.83,Green Leaf Salads,GUEST HOUSE
2023-03-02,3188.11,General Provision Store,GUEST HOUSE
2023-03-02,1991.76,C H M Traders Nandini,MESS 1
2023-03-02,1522.16,Daily Fresh Milk,MESS 1
2023-03-02,10081.87,Priya Vegitables Chalai,MESS 1
2023-03-02,3957.13,Daily Fresh Milk,MESS 2
2023-03-02,27336.95,Baker Choice,MESS 2
2023-03-03,2688.25,Priya Vegitables Chalai,CANTEEN
2023-03-03,8986.48,Amma Vegitables,CANTEEN
2023-03-03,18018.69,Priya Vegitables Chalai,GUEST HOUSE
2023-03-03,3980.22,Amma Vegitables,GUEST HOUSE
2023-03-03,3324.02,Milan Agencies,MESS 1
2023-03-03,9818.51,Daily Fresh Milk,MESS 2
2023-03-03,854.59,Baker Choice,MESS 2
2023-03-04,2556.57,Priya Vegitables Chalai,CANTEEN
2023-03-04,4074.21,Amma Vegitables,CANTEEN
2023-03-04,827.04,Spice World,GUEST HOUSE
2023-03-04,783.04,Wholesale Flour,GUEST HOUSE
2023-03-04,2420.43,Farm Fresh Poultry,MESS 1
2023-03-04,10875.75,Clean & Clear Services,MESS 1
2023-03-04,1170.08,C H M Traders Nandini,MESS 2
2023-03-04,10899.0,Milan Agencies,MESS 2
2023-03-05,1461.53,C H M Traders Nandini,CANTEEN
2023-03-05,799.83,Daily Fresh Milk,CANTEEN
2023-03-05,1003.93,Priya Vegitables Chalai,CANTEEN
2023-03-05,2045.47,Priya Vegitables Chalai,GUEST HOUSE
2023-03-05,8742.58,Amma Vegitables,GUEST HOUSE
2023-03-05,46777.27,Daily Fresh Milk,MESS 1
2023-03-05,5491.28,Priya Vegitables Chalai,MESS 1
2023-03-05,4014.56,Wholesale Flour,MESS 1
2023-03-05,4087.37,C H M Traders Nandini,MESS 2
2023-03-05,2337.04,Milan Agencies,MESS 2
2023-03-06,1410.84,Daily Fresh Milk,CANTEEN
2023-03-06,5593.75,Priya Vegitables Chalai,CANTEEN
2023-03-06,34826.51,City Meat Center,GUEST HOUSE
2023-03-06,3044.0,Daily Fresh Milk,GUEST HOUSE
2023-03-06,1393.49,Green Leaf Salads,GUEST HOUSE
2023-03-06,3718.38,Wholesale Flour,MESS 1
2023-03-06,2084.28,Baker Choice,MESS 1
2023-03-06,20339.15,Milan Agencies,MESS 1
2023-03-06,16065.18,Daily Fresh Milk,MESS 2
2023-03-06,987.46,Baker Choice,MESS 2
2023-03-07,2126.41,Spice World,CANTEEN
2023-03-07,1684.39,Wholesale Flour,CANTEEN
2023-03-07,1342.3,Spice World,GUEST HOUSE
2023-03-07,2435.43,Wholesale Flour,GUEST HOUSE
2023-03-07,17611.75,Daily Fresh Milk,MESS 1
2023-03-07,1221.57,Baker Choice,MESS 1
2023-03-07,1436.61,C H M Traders Nandini,MESS 2
2023-03-07,2456.51,Milan Agencies,MESS 2
2023-03-08,2940.65,C H M Traders Nandini,CANTEEN
2023-03-08,4697.57,Milan Agencies,CANTEEN
2023-03-08,20911.28,Milan Agencies,GUEST HOUSE
2023-03-08,1279.73,Amma Vegitables,GUEST HOUSE
2023-03-08,3197.28,Wholesale Flour,MESS 1
2023-03-08,1417.53,Blue Water Supplies,MESS 1
2023-03-08,5739.07,Farm Fresh Poultry,MESS 1
2023-03-08,1414.05,Spice World,MESS 2
2023-03-08,835.85,Wholesale Flour,MESS 2
2023-03-09,4393.9,C H M Traders Nandini,CANTEEN
2023-03-09,8443.12,Milan Agencies,CANTEEN
2023-03-09,3987.41,Priya Vegitables Chalai,GUEST HOUSE
2023-03-09,497.91,Amma Vegitables,GUEST HOUSE
2023-03-09,4198.22,General Provision Store,MESS 1
2023-03-09,2411.64,C H M Traders Nandini,MESS 2
2023-03-09,10994.22,Milan Agencies,MESS 2
2023-03-10,10500.86,Priya Vegitables Chalai,CANTEEN
2023-03-10,1416.69,Amma Vegitables,CANTEEN
2023-03-10,3070.42,Farm Fresh Poultry,GUEST HOUSE
2023-03-10,1421.76,Priya Vegitables Chalai,MESS 1
2023-03-10,2276.08,Farm Fresh Poultry,MESS 1
2023-03-10,4165.66,Spice World,MESS 2
2023-03-11,2892.17,Spice World,CANTEEN
2023-03-11,13700.35,Green Leaf Salads,CANTEEN
2023-03-11,4988.49,General Provision Store,CANTEEN
2023-03-11,811.58,Baker Choice,GUEST HOUSE
2023-03-11,3122.0,City Meat Center,GUEST HOUSE
2023-03-11,23359.43,Priya Vegitables Chalai,MESS 1
2023-03-11,7095.09,Amma Vegitables,MESS 1
2023-03-11,1477.31,Priya Vegitables Chalai,MESS 2
2023-03-11,2469.35,Amma Vegitables,MESS 2
2023-03-12,3604.23,Spice World,CANTEEN
2023-03-12,21469.33,Wholesale Flour,CANTEEN
2023-03-12,5369.46,Spice World,GUEST HOUSE
2023-03-12,5314.18,Wholesale Flour,GUEST HOUSE
2023-03-12,2673.91,Daily Fresh Milk,MESS 1
2023-03-12,3894.08,Baker Choice,MESS 1
2023-03-12,13961.44,C H M Traders Nandini,MESS 2
2023-03-12,2805.32,Milan Agencies,MESS 2
2023-03-13,5730.25,Daily Fresh Milk,CANTEEN
2023-03-13,3143.65,Baker Choice,CANTEEN
2023-03-13,4323.48,Spice World,GUEST HOUSE
2023-03-13,2541.15,Wholesale Flour,GUEST HOUSE
2023-03-13,10910.38,City Meat Center,MESS 1
2023-03-13,11511.6,Daily Fresh Milk,MESS 2
2023-03-13,1955.16,Priya Vegitables Chalai,MESS 2
2023-03-13,29717.36,Milan Agencies,MESS 2
2023-03-14,1473.74,Daily Fresh Milk,CANTEEN
2023-03-14,525.6,Daily Fresh Milk,GUEST HOUSE
2023-03-14,1624.77,Baker Choice,GUEST HOUSE
2023-03-14,4905.54,C H M Traders Nandini,MESS 1
2023-03-14,2697.15,Green Leaf Salads,MESS 1
2023-03-14,233.29,C H M Traders Nandini,MESS 2
2023-03-14,12325.83,Milan Agencies,MESS 2
2023-03-15,1052.4,Daily Fresh Milk,CANTEEN
2023-03-15,2445.56,Baker Choice,CANTEEN
2023-03-15,261.13,C H M Traders Nandini,GUEST HOUSE
2023-03-15,7648.42,Milan Agencies,GUEST HOUSE
2023-03-15,4404.07,C H M Traders Nandini,MESS 1
2023-03-15,2030.94,Milan Agencies,MESS 1
2023-03-15,9036.7,C H M Traders Nandini,MESS 2
2023-03-15,8930.0,Blue Water Supplies,MESS 2
2023-03-15,823.96,Clean & Clear Services,MESS 2
2023-03-16,10870.97,C H M Traders Nandini,CANTEEN
2023-03-16,5266.75,General Provision Store,CANTEEN
2023-03-16,997.74,Baker Choice,GUEST HOUSE
2023-03-16,2912.66,Green Leaf Salads,GUEST HOUSE
2023-03-16,4307.84,Priya Vegitables Chalai,MESS 1
2023-03-16,2319.95,Amma Vegitables,MESS 1
2023-03-16,1753.34,C H M Traders Nandini,MESS 2
2023-03-16,414.26,Milan Agencies,MESS 2
2023-03-17,1995.04,C H M Traders Nandini,CANTEEN
2023-03-17,1469.49,Milan Agencies,CANTEEN
2023-03-17,3477.46,Wholesale Flour,GUEST HOUSE
2023-03-17,51083.68,General Provision Store,GUEST HOUSE
2023-03-17,5259.73,C H M Traders Nandini,MESS 1
2023-03-17,3608.72,Milan Agencies,MESS 1
2023-03-17,483.35,Spice World,MESS 2
2023-03-17,444.89,Wholesale Flour,MESS 2
2023-03-18,743.75,C H M Traders Nandini,CANTEEN
2023-03-18,657.65,Blue Water Supplies,CANTEEN
2023-03-18,1255.54,Daily Fresh Milk,GUEST HOUSE
2023-03-18,8800.9,Baker Choice,GUEST HOUSE
2023-03-18,4146.67,Green Leaf Salads,MESS 1
2023-03-18,25624.91,City Meat Center,MESS 1
2023-03-18,1006.66,Daily Fresh Milk,MESS 2
2023-03-18,945.19,Baker Choice,MESS 2
2023-03-19,8002.61,City Meat Center,CANTEEN
2023-03-19,751.65,General Provision Store,CANTEEN
2023-03-19,3024.7,Spice World,GUEST HOUSE
2023-03-19,1731.84,Wholesale Flour,GUEST HOUSE
2023-03-19,667.09,Spice World,MESS 1
2023-03-19,4851.71,Wholesale Flour,MESS 1
2023-03-19,1161.56,Priya Vegitables Chalai,MESS 1
2023-03-19,13346.06,Priya Vegitables Chalai,MESS 2
2023-03-19,1427.69,Amma Vegitables,MESS 2
2023-03-20,1245.99,Spice World,CANTEEN
2023-03-20,7518.62,Wholesale Flour,CANTEEN
2023-03-20,1724.78,Daily Fresh Milk,GUEST HOUSE
2023-03-20,5684.09,Baker Choice,GUEST HOUSE
2023-03-20,13182.9,Priya Vegitables Chalai,MESS 1
2023-03-20,5081.48,Amma Vegitables,MESS 1
2023-03-20,4954.09,Priya Vegitables Chalai,MESS 2
2023-03-20,533.4,Amma Vegitables,MESS 2
2023-03-21,858.63,Baker Choice,CANTEEN
2023-03-21,4555.98,Daily Fresh Milk,GUEST HOUSE
2023-03-21,728.01,Baker Choice,GUEST HOUSE
2023-03-21,7187.33,C H M Traders Nandini,MESS 1
2023-03-21,1240.93,Milan Agencies,MESS 1
2023-03-21,3963.57,City Meat Center,MESS 2
2023-03-21,3442.18,Blue Water Supplies,MESS 2
2023-03-21,391.45,Milan Agencies,MESS 2
2023-03-22,3203.17,Clean & Clear Services,CANTEEN
2023-03-22,4745.42,Baker Choice,GUEST HOUSE
2023-03-22,3251.23,Farm Fresh Poultry,GUEST HOUSE
2023-03-22,5291.82,General Provision Store,GUEST HOUSE
2023-03-22,7827.15,C H M Traders Nandini,MESS 1
2023-03-22,5782.71,Milan Agencies,MESS 1
2023-03-22,9059.38,Priya Vegitables Chalai,MESS 2
2023-03-22,1051.68,Amma Vegitables,MESS 2
2023-03-23,13302.01,City Meat Center,CANTEEN
2023-03-23,7925.41,Baker Choice,GUEST HOUSE
2023-03-23,2222.29,C H M Traders Nandini,MESS 1
2023-03-23,5703.1,Priya Vegitables Chalai,MESS 1
2023-03-23,5283.95,Clean & Clear Services,MESS 1
2023-03-23,3575.99,C H M Traders Nandini,MESS 2
2023-03-23,1299.49,Wholesale Flour,MESS 2
2023-03-24,3932.49,Priya Vegitables Chalai,CANTEEN
2023-03-24,4750.22,Amma Vegitables,CANTEEN
2023-03-24,9582.12,Daily Fresh Milk,GUEST HOUSE
2023-03-24,9332.69,Blue Water Supplies,GUEST HOUSE
2023-03-24,5034.28,Amma Vegitables,GUEST HOUSE
2023-03-24,9749.86,Baker Choice,MESS 1
2023-03-24,18211.45,Green Leaf Salads,MESS 1
2023-03-24,1351.02,Farm Fresh Poultry,MESS 1
2023-03-24,6816.91,C H M Traders Nandini,MESS 2
2023-03-24,492.72,Farm Fresh Poultry,MESS 2
2023-03-24,449.56,Amma Vegitables,MESS 2
2023-03-25,10195.27,Spice World,CANTEEN
2023-03-25,1151.21,Wholesale Flour,CANTEEN
2023-03-25,5936.06,C H M Traders Nandini,GUEST HOUSE
2023-03-25,4161.33,Milan Agencies,GUEST HOUSE
2023-03-25,3795.35,Wholesale Flour,MESS 1
2023-03-25,3073.57,Baker Choice,MESS 1
2023-03-25,1127.43,Priya Vegitables Chalai,MESS 1
2023-03-25,8332.59,Spice World,MESS 2
2023-03-25,1201.36,Wholesale Flour,MESS 2
2023-03-26,42228.33,Spice World,CANTEEN
2023-03-26,2294.01,Wholesale Flour,CANTEEN
2023-03-26,2486.25,Spice World,GUEST HOUSE
2023-03-26,1759.97,Wholesale Flour,GUEST HOUSE
2023-03-26,10052.95,Daily Fresh Milk,MESS 1
2023-03-26,1103.09,Baker Choice,MESS 1
2023-03-26,4355.51,C H M Traders Nandini,MESS 2
2023-03-26,4784.29,Milan Agencies,MESS 2
2023-03-27,16054.92,C H M Traders Nandini,CANTEEN
2023-03-27,4261.71,Milan Agencies,CANTEEN
2023-03-27,2628.67,Priya Vegitables Chalai,GUEST HOUSE
2023-03-27,712.85,Amma Vegitables,GUEST HOUSE
2023-03-27,75171.56,Daily Fresh Milk,MESS 1
2023-03-27,21342.16,Baker Choice,MESS 1
2023-03-27,1405.71,Clean & Clear Services,MESS 2
2023-03-27,25739.05,Milan Agencies,MESS 2
2023-03-27,3808.34,Amma Vegitables,MESS 2
2023-03-28,4891.96,Priya Vegitables Chalai,CANTEEN
2023-03-28,50225.41,Amma Vegitables,CANTEEN
2023-03-28,1707.07,Daily Fresh Milk,GUEST HOUSE
2023-03-28,2192.69,Amma Vegitables,GUEST HOUSE
2023-03-28,45312.05,Milan Agencies,MESS 1
2023-03-28,1309.18,Spice World,MESS 1
2023-03-28,13106.03,Amma Vegitables,MESS 1
2023-03-28,10137.33,Spice World,MESS 2
2023-03-29,12688.15,C H M Traders Nandini,CANTEEN
2023-03-29,1647.77,City Meat Center,CANTEEN
2023-03-29,4617.48,Baker Choice,GUEST HOUSE
2023-03-29,2400.8,Clean & Clear Services,GUEST HOUSE
2023-03-29,921.21,C H M Traders Nandini,MESS 1
2023-03-29,6177.75,Milan Agencies,MESS 1
2023-03-29,2138.11,Priya Vegitables Chalai,MESS 2
2023-03-29,12709.37,Amma Vegitables,MESS 2
2023-03-30,6265.66,Spice World,CANTEEN
2023-03-30,11232.65,Wholesale Flour,CANTEEN
2023-03-30,9077.53,Priya Vegitables Chalai,GUEST HOUSE
2023-03-30,4043.47,Amma Vegitables,GUEST HOUSE
2023-03-30,11658.7,Priya Vegitables Chalai,MESS 1
2023-03-30,3481.72,Amma Vegitables,MESS 1
2023-03-30,20314.93,Daily Fresh Milk,MESS 2
2023-03-30,1145.04,Baker Choice,MESS 2
2023-03-31,3260.87,Daily Fresh Milk,CANTEEN
2023-03-31,1933.14,City Meat Center,CANTEEN
2023-03-31,4456.75,Clean & Clear Services,CANTEEN
2023-03-31,10508.96,City Meat Center,GUEST HOUSE
2023-03-31,19928.03,Milan Agencies,GUEST HOUSE
2023-03-31,2037.85,Priya Vegitables Chalai,MESS 1
2023-03-31,1288.93,Amma Vegitables,MESS 1
2023-03-31,3670.34,Priya Vegitables Chalai,MESS 2
2023-03-31,2843.89,Amma Vegitables,MESS 2
2023-04-01,14294.84,Baker Choice,CANTEEN
2023-04-01,536.75,City Meat Center,CANTEEN
2023-04-01,4371.69,Priya Vegitables Chalai,GUEST HOUSE
2023-04-01,1847.41,Amma Vegitables,GUEST HOUSE
2023-04-01,4694.76,Priya Vegitables Chalai,MESS 1
2023-04-01,7210.77,Amma Vegitables,MESS 1
2023-04-01,11248.27,Blue Water Supplies,MESS 2
2023-04-01,6541.0,Priya Vegitables Chalai,MESS 2
2023-04-02,8359.94,C H M Traders Nandini,CANTEEN
2023-04-02,1156.87,Baker Choice,CANTEEN
2023-04-02,2778.54,Clean & Clear Services,CANTEEN
2023-04-02,1494.57,Farm Fresh Poultry,GUEST HOUSE
2023-04-02,580.82,Spice World,MESS 1
2023-04-02,808.13,Wholesale Flour,MESS 1
2023-04-02,3856.41,Daily Fresh Milk,MESS 2
2023-04-02,1905.05,Baker Choice,MESS 2
2023-04-03,1431.17,C H M Traders Nandini,CANTEEN
2023-04-03,3460.1,Priya Vegitables Chalai,GUEST HOUSE
2023-04-03,6785.26,Amma Vegitables,GUEST HOUSE
2023-04-03,5418.69,Spice World,MESS 1
2023-04-03,15809.94,Wholesale Flour,MESS 1
2023-04-03,4101.52,C H M Traders Nandini,MESS 2
2023-04-03,2764.17,Milan Agencies,MESS 2
2023-04-04,7357.49,Blue Water Supplies,CANTEEN
2023-04-04,7006.63,Baker Choice,CANTEEN
2023-04-04,1408.98,Priya Vegitables Chalai,CANTEEN
2023-04-04,3548.88,General Provision Store,GUEST HOUSE
2023-04-04,9959.13,C H M Traders Nandini,MESS 1
2023-04-04,792.46,Milan Agencies,MESS 1
2023-04-04,26270.23,C H M Traders Nandini,MESS 2
2023-04-04,967.26,Daily Fresh Milk,MESS 2
2023-04-04,6417.16,Milan Agencies,MESS 2
2023-04-05,380.1,Daily Fresh Milk,CANTEEN
2023-04-05,9663.74,Farm Fresh Poultry,CANTEEN
2023-04-05,937.63,Farm Fresh Poultry,GUEST HOUSE
2023-04-05,4747.38,Milan Agencies,GUEST HOUSE
2023-04-05,531.27,Spice World,MESS 1
2023-04-05,1252.0,Wholesale Flour,MESS 1
2023-04-05,1352.57,General Provision Store,MESS 2
2023-04-06,1363.76,Daily Fresh Milk,CANTEEN
2023-04-06,4691.77,Baker Choice,CANTEEN
2023-04-06,3718.96,Priya Vegitables Chalai,GUEST HOUSE
2023-04-06,4870.48,Amma Vegitables,GUEST HOUSE
2023-04-06,5302.85,Daily Fresh Milk,MESS 1
2023-04-06,1396.0,Baker Choice,MESS 1
2023-04-06,2792.49,C H M Traders Nandini,MESS 2
2023-04-06,7019.75,Milan Agencies,MESS 2
2023-04-07,21545.6,Daily Fresh Milk,CANTEEN
2023-04-07,8570.6,Baker Choice,CANTEEN
2023-04-07,1619.73,City Meat Center,GUEST HOUSE
2023-04-07,1149.9,Blue Water Supplies,GUEST HOUSE
2023-04-07,591.43,Milan Agencies,GUEST HOUSE
2023-04-07,2607.54,Clean & Clear Services,MESS 1
2023-04-07,56235.02,C H M Traders Nandini,MESS 2
2023-04-07,584.02,Milan Agencies,MESS 2
2023-04-08,2098.45,Spice World,CANTEEN
2023-04-08,1138.86,Wholesale Flour,CANTEEN
2023-04-08,3036.34,Spice World,GUEST HOUSE
2023-04-08,2302.78,Wholesale Flour,GUEST HOUSE
2023-04-08,2404.61,C H M Traders Nandini,MESS 1
2023-04-08,4023.21,Daily Fresh Milk,MESS 1
2023-04-08,675.58,Wholesale Flour,MESS 1
2023-04-08,1161.19,Daily Fresh Milk,MESS 2
2023-04-08,2220.08,Baker Choice,MESS 2
2023-04-09,7497.65,Spice World,CANTEEN
2023-04-09,2205.02,Wholesale Flour,CANTEEN
2023-04-09,2238.83,Green Leaf Salads,GUEST HOUSE
2023-04-09,15319.58,General Provision Store,GUEST HOUSE
2023-04-09,629.84,City Meat Center,MESS 1
2023-04-09,5170.31,Green Leaf Salads,MESS 1
2023-04-09,29939.64,Blue Water Supplies,MESS 1
2023-04-09,2686.16,Spice World,MESS 2
2023-04-09,2075.52,Wholesale Flour,MESS 2
2023-04-10,4879.89,Baker Choice,CANTEEN
2023-04-10,1496.64,Green Leaf Salads,CANTEEN
2023-04-10,2925.25,Clean & Clear Services,CANTEEN
2023-04-10,527.39,C H M Traders Nandini,GUEST HOUSE
2023-04-10,724.97,Daily Fresh Milk,MESS 1
2023-04-10,6807.49,Baker Choice,MESS 1
2023-04-10,492.9,Spice World,MESS 2
2023-04-10,21499.11,General Provision Store,MESS 2
2023-04-10,571.06,Amma Vegitables,MESS 2
2023-04-11,1778.74,Daily Fresh Milk,CANTEEN
2023-04-11,3796.11,Baker Choice,CANTEEN
2023-04-11,1159.28,Baker Choice,GUEST HOUSE
2023-04-11,2180.86,Priya Vegitables Chalai,GUEST HOUSE
2023-04-11,1848.81,Clean & Clear Services,GUEST HOUSE
2023-04-11,3976.47,C H M Traders Nandini,MESS 1
2023-04-11,360.67,Milan Agencies,MESS 1
2023-04-11,2316.14,Spice World,MESS 2
2023-04-11,3145.1,Daily Fresh Milk,MESS 2
2023-04-12,2099.67,Priya Vegitables Chalai,CANTEEN
2023-04-12,1063.0,Amma Vegitables,CANTEEN
2023-04-12,1120.88,C H M Traders Nandini,GUEST HOUSE
2023-04-12,12974.34,Milan Agencies,GUEST HOUSE
2023-04-12,6491.48,Daily Fresh Milk,MESS 1
2023-04-12,4415.76,Baker Choice,MESS 1
2023-04-12,2472.91,Spice World,MESS 2
2023-04-12,2937.91,Wholesale Flour,MESS 2
2023-04-13,8810.34,C H M Traders Nandini,CANTEEN
2023-04-13,659.25,Milan Agencies,CANTEEN
2023-04-13,4471.26,Green Leaf Salads,GUEST HOUSE
2023-04-13,4473.67,Priya Vegitables Chalai,GUEST HOUSE
2023-04-13,1204.04,Farm Fresh Poultry,GUEST HOUSE
2023-04-13,12774.39,Daily Fresh Milk,MESS 1
2023-04-13,1626.9,Priya Vegitables Chalai,MESS 2
2023-04-13,2178.16,Amma Vegitables,MESS 2
2023-04-14,1597.14,Amma Vegitables,CANTEEN
2023-04-14,2130.65,C H M Traders Nandini,GUEST HOUSE
2023-04-14,4492.32,Milan Agencies,GUEST HOUSE
2023-04-14,1127.26,Priya Vegitables Chalai,MESS 1
2023-04-14,2098.8,Amma Vegitables,MESS 1
2023-04-14,265.62,C H M Traders Nandini,MESS 2
2023-04-14,5757.86,Milan Agencies,MESS 2
2023-04-15,8380.03,Daily Fresh Milk,CANTEEN
2023-04-15,12546.17,Baker Choice,CANTEEN
2023-04-15,4852.72,C H M Traders Nandini,GUEST HOUSE
2023-04-15,2636.57,Milan Agencies,GUEST HOUSE
2023-04-15,27331.08,Daily Fresh Milk,MESS 1
2023-04-15,975.98,Baker Choice,MESS 1
2023-04-15,2934.25,Priya Vegitables Chalai,MESS 2
2023-04-15,8360.43,Amma Vegitables,MESS 2
2023-04-16,1698.66,C H M Traders Nandini,CANTEEN
2023-04-16,4491.53,Milan Agencies,CANTEEN
2023-04-16,861.47,Priya Vegitables Chalai,GUEST HOUSE
2023-04-16,9055.9,Amma Vegitables,GUEST HOUSE
2023-04-16,36413.6,Spice World,MESS 1
2023-04-16,2513.92,Wholesale Flour,MESS 1
2023-04-16,1795.04,General Provision Store,MESS 2
2023-04-16,4119.69,Amma Vegitables,MESS 2
2023-04-17,1531.34,Daily Fresh Milk,CANTEEN
2023-04-17,3046.25,Green Leaf Salads,CANTEEN
2023-04-17,1516.04,Spice World,GUEST HOUSE
2023-04-17,4262.53,Wholesale Flour,GUEST HOUSE
2023-04-17,3532.09,Daily Fresh Milk,MESS 1
2023-04-17,1347.82,Baker Choice,MESS 1
2023-04-17,2009.19,C H M Traders Nandini,MESS 2
2023-04-17,13029.93,Milan Agencies,MESS 2
2023-04-18,1027.81,Milan Agencies,CANTEEN
2023-04-18,1514.06,Spice World,CANTEEN
2023-04-18,9590.16,General Provision Store,CANTEEN
2023-04-18,761.98,Daily Fresh Milk,GUEST HOUSE
2023-04-18,7697.95,Baker Choice,GUEST HOUSE
2023-04-18,4243.15,Daily Fresh Milk,MESS 1
2023-04-18,13229.14,Baker Choice,MESS 1
2023-04-18,4341.15,Wholesale Flour,MESS 2
2023-04-18,3147.94,Baker Choice,MESS 2
2023-04-18,722.67,General Provision Store,MESS 2
2023-04-19,10804.72,C H M Traders Nandini,CANTEEN
2023-04-19,23190.14,Milan Agencies,CANTEEN
2023-04-19,771.11,Daily Fresh Milk,GUEST HOUSE
2023-04-19,5385.39,Baker Choice,GUEST HOUSE
2023-04-19,8314.55,Spice World,MESS 1
2023-04-19,2663.25,Wholesale Flour,MESS 1
2023-04-19,6577.25,Priya Vegitables Chalai,MESS 2
2023-04-19,21165.81,Amma Vegitables,MESS 2
2023-04-20,1022.45,C H M Traders Nandini,CANTEEN
2023-04-20,11401.67,Milan Agencies,CANTEEN
2023-04-20,3476.47,Amma Vegitables,GUEST HOUSE
2023-04-20,474.15,Daily Fresh Milk,MESS 1
2023-04-20,501.41,Baker Choice,MESS 1
2023-04-20,12248.35,Daily Fresh Milk,MESS 2
2023-04-20,2584.55,General Provision Store,MESS 2
2023-04-21,541.69,C H M Traders Nandini,CANTEEN
2023-04-21,2348.36,Milan Agencies,CANTEEN
2023-04-21,1005.85,Spice World,GUEST HOUSE
2023-04-21,1694.99,Wholesale Flour,GUEST HOUSE
2023-04-21,5248.54,Priya Vegitables Chalai,MESS 1
2023-04-21,35543.21,Amma Vegitables,MESS 1
2023-04-21,7098.63,Spice World,MESS 2
2023-04-21,4828.89,Wholesale Flour,MESS 2
2023-04-22,1914.48,Priya Vegitables Chalai,CANTEEN
2023-04-22,1362.36,Amma Vegitables,CANTEEN
2023-04-22,1680.06,Green Leaf Salads,GUEST HOUSE
2023-04-22,4543.01,Farm Fresh Poultry,GUEST HOUSE
2023-04-22,2743.3,C H M Traders Nandini,MESS 1
2023-04-22,9512.85,Priya Vegitables Chalai,MESS 1
2023-04-22,847.86,Farm Fresh Poultry,MESS 1
2023-04-22,8560.63,Spice World,MESS 2
2023-04-22,14458.91,Baker Choice,MESS 2
2023-04-22,322.04,Clean & Clear Services,MESS 2
2023-04-23,188.31,Milan Agencies,CANTEEN
2023-04-23,1077.2,Priya Vegitables Chalai,CANTEEN
2023-04-23,346.9,Amma Vegitables,CANTEEN
2023-04-23,2064.02,C H M Traders Nandini,GUEST HOUSE
2023-04-23,8173.5,Milan Agencies,GUEST HOUSE
2023-04-23,3460.63,Green Leaf Salads,MESS 1
2023-04-23,4976.54,Priya Vegitables Chalai,MESS 2
2023-04-23,3488.27,Amma Vegitables,MESS 2
2023-04-24,3534.33,C H M Traders Nandini,CANTEEN
2023-04-24,3877.97,Milan Agencies,CANTEEN
2023-04-24,3991.89,Priya Vegitables Chalai,GUEST HOUSE
2023-04-24,994.23,Amma Vegitables,GUEST HOUSE
2023-04-24,5851.54,Daily Fresh Milk,MESS 1
2023-04-24,1499.37,Baker Choice,MESS 1
2023-04-24,10922.32,Priya Vegitables Chalai,MESS 2
2023-04-24,1222.32,Amma Vegitables,MESS 2
2023-04-25,6720.35,Daily Fresh Milk,CANTEEN
2023-04-25,1108.47,Baker Choice,GUEST HOUSE
2023-04-25,702.75,Green Leaf Salads,GUEST HOUSE
2023-04-25,1087.11,Farm Fresh Poultry,MESS 1
2023-04-25,12286.9,Spice World,MESS 2
2023-04-25,224.46,Wholesale Flour,MESS 2
2023-04-26,8024.82,Spice World,CANTEEN
2023-04-26,1802.61,Spice World,GUEST HOUSE
2023-04-26,848.37,Wholesale Flour,GUEST HOUSE
2023-04-26,2019.23,Priya Vegitables Chalai,MESS 1
2023-04-26,10644.17,Amma Vegitables,MESS 1
2023-04-26,12323.39,C H M Traders Nandini,MESS 2
2023-04-26,5450.0,Milan Agencies,MESS 2
2023-04-27,2671.91,C H M Traders Nandini,CANTEEN
2023-04-27,2423.74,Milan Agencies,CANTEEN
2023-04-27,19061.11,Spice World,GUEST HOUSE
2023-04-27,13780.63,City Meat Center,GUEST HOUSE
2023-04-27,360.69,City Meat Center,MESS 1
2023-04-27,10472.8,Amma Vegitables,MESS 1
2023-04-27,3571.61,Clean & Clear Services,MESS 1
2023-04-27,11064.26,Daily Fresh Milk,MESS 2
2023-04-27,2457.46,Baker Choice,MESS 2
2023-04-28,5447.16,Spice World,CANTEEN
2023-04-28,629.52,Wholesale Flour,CANTEEN
2023-04-28,2076.08,Blue Water Supplies,GUEST HOUSE
2023-04-28,402.55,Farm Fresh Poultry,GUEST HOUSE
2023-04-28,4791.65,Spice World,MESS 1
2023-04-28,5084.0,Wholesale Flour,MESS 1
2023-04-28,977.76,Green Leaf Salads,MESS 2
2023-04-28,3924.2,Milan Agencies,MESS 2
2023-04-29,4921.95,C H M Traders Nandini,CANTEEN
2023-04-29,4818.12,Milan Agencies,CANTEEN
2023-04-29,12641.06,C H M Traders Nandini,GUEST HOUSE
2023-04-29,1044.62,Milan Agencies,GUEST HOUSE
2023-04-29,2730.53,Daily Fresh Milk,MESS 1
2023-04-29,1268.1,Baker Choice,MESS 1
2023-04-29,13415.17,Farm Fresh Poultry,MESS 2
2023-04-29,1994.91,General Provision Store,MESS 2
2023-04-29,1121.04,Amma Vegitables,MESS 2
2023-04-30,2154.76,Blue Water Supplies,CANTEEN
2023-04-30,2635.34,Milan Agencies,CANTEEN
2023-04-30,716.03,Clean & Clear Services,CANTEEN
2023-04-30,6226.34,Daily Fresh Milk,GUEST HOUSE
2023-04-30,2530.22,Baker Choice,GUEST HOUSE
2023-04-30,1062.22,Spice World,MESS 1
2023-04-30,2405.05,Wholesale Flour,MESS 1
2023-04-30,3965.93,C H M Traders Nandini,MESS 2
2023-04-30,16714.14,Milan Agencies,MESS 2
2023-05-01,3991.73,Wholesale Flour,CANTEEN
2023-05-01,4283.56,Farm Fresh Poultry,CANTEEN
2023-05-01,6403.87,Amma Vegitables,CANTEEN
2023-05-01,2288.8,Spice World,GUEST HOUSE
2023-05-01,4786.57,Baker Choice,GUEST HOUSE
2023-05-01,3057.19,Green Leaf Salads,MESS 1
2023-05-01,4068.69,Priya Vegitables Chalai,MESS 2
2023-05-01,2403.6,Amma Vegitables,MESS 2
2023-05-02,15288.04,Spice World,CANTEEN
2023-05-02,4210.16,Blue Water Supplies,CANTEEN
2023-05-02,1784.63,Priya Vegitables Chalai,GUEST HOUSE
2023-05-02,460.56,Amma Vegitables,GUEST HOUSE
2023-05-02,810.42,Spice World,MESS 1
2023-05-02,1094.28,Wholesale Flour,MESS 1
2023-05-02,1856.63,C H M Traders Nandini,MESS 2
2023-05-02,1673.31,Milan Agencies,MESS 2
2023-05-03,1888.98,Wholesale Flour,CANTEEN
2023-05-03,2627.79,City Meat Center,GUEST HOUSE
2023-05-03,1629.88,Amma Vegitables,GUEST HOUSE
2023-05-03,1146.54,Clean & Clear Services,GUEST HOUSE
2023-05-03,2351.95,Daily Fresh Milk,MESS 1
2023-05-03,12418.41,Baker Choice,MESS 1
2023-05-03,21423.72,Priya Vegitables Chalai,MESS 2
2023-05-03,3089.91,Amma Vegitables,MESS 2
2023-05-04,6086.16,C H M Traders Nandini,CANTEEN
2023-05-04,1456.39,Milan Agencies,CANTEEN
2023-05-04,3279.71,C H M Traders Nandini,GUEST HOUSE
2023-05-04,47671.35,Milan Agencies,GUEST HOUSE
2023-05-04,28142.21,Priya Vegitables Chalai,MESS 1
2023-05-04,2718.37,Amma Vegitables,MESS 1
2023-05-04,4579.57,Daily Fresh Milk,MESS 2
2023-05-04,831.91,Baker Choice,MESS 2
2023-05-04,985.16,Amma Vegitables,MESS 2
2023-05-05,3762.74,C H M Traders Nandini,CANTEEN
2023-05-05,1744.52,Milan Agencies,CANTEEN
2023-05-05,16171.72,Farm Fresh Poultry,GUEST HOUSE
2023-05-05,4411.59,Clean & Clear Services,GUEST HOUSE
2023-05-05,1198.89,Priya Vegitables Chalai,MESS 1
2023-05-05,1681.42,Amma Vegitables,MESS 1
2023-05-05,1311.82,C H M Traders Nandini,MESS 2
2023-05-05,7522.37,Milan Agencies,MESS 2
2023-05-06,771.39,Priya Vegitables Chalai,CANTEEN
2023-05-06,7374.32,Amma Vegitables,CANTEEN
2023-05-06,1117.51,Daily Fresh Milk,GUEST HOUSE
2023-05-06,1069.23,Baker Choice,GUEST HOUSE
2023-05-06,1867.03,C H M Traders Nandini,MESS 1
2023-05-06,2362.75,Milan Agencies,MESS 1
2023-05-06,234.0,Daily Fresh Milk,MESS 2
2023-05-06,2516.19,Baker Choice,MESS 2
2023-05-07,2216.46,Spice World,CANTEEN
2023-05-07,2557.52,Wholesale Flour,CANTEEN
2023-05-07,6233.68,C H M Traders Nandini,GUEST HOUSE
2023-05-07,1142.43,Milan Agencies,GUEST HOUSE
2023-05-07,1711.3,Spice World,MESS 1
2023-05-07,6695.05,Spice World,MESS 2
2023-05-08,11249.23,Spice World,CANTEEN
2023-05-08,2915.85,Wholesale Flour,CANTEEN
2023-05-08,1216.69,Spice World,GUEST HOUSE
2023-05-08,940.16,Wholesale Flour,GUEST HOUSE
2023-05-08,881.92,Amma Vegitables,MESS 1
2023-05-08,530.49,Baker Choice,MESS 2
2023-05-08,654.45,Milan Agencies,MESS 2
2023-05-08,1965.46,Clean & Clear Services,MESS 2
2023-05-09,2460.8,Daily Fresh Milk,CANTEEN
2023-05-09,1313.5,Baker Choice,CANTEEN
2023-05-09,1803.78,Wholesale Flour,GUEST HOUSE
2023-05-09,848.99,Farm Fresh Poultry,GUEST HOUSE
2023-05-09,650.58,Clean & Clear Services,GUEST HOUSE
2023-05-09,2089.29,Milan Agencies,MESS 1
2023-05-09,23244.26,Clean & Clear Services,MESS 1
2023-05-09,4896.69,C H M Traders Nandini,MESS 2
2023-05-09,753.84,Baker Choice,MESS 2
2023-05-09,9313.35,Blue Water Supplies,MESS 2
2023-05-10,3835.62,Green Leaf Salads,CANTEEN
2023-05-10,242.82,Spice World,GUEST HOUSE
2023-05-10,21519.85,Wholesale Flour,GUEST HOUSE
2023-05-10,2296.48,Daily Fresh Milk,MESS 1
2023-05-10,1946.8,Baker Choice,MESS 1
2023-05-10,2995.29,Baker Choice,MESS 2
2023-05-11,647.25,Spice World,CANTEEN
2023-05-11,2148.51,Green Leaf Salads,CANTEEN
2023-05-11,36029.58,General Provision Store,CANTEEN
2023-05-11,293.65,Clean & Clear Services,GUEST HOUSE
2023-05-11,6617.3,Priya Vegitables Chalai,MESS 1
2023-05-11,1980.87,Daily Fresh Milk,MESS 2
2023-05-11,894.54,Baker Choice,MESS 2
2023-05-12,7778.54,Daily Fresh Milk,CANTEEN
2023-05-12,2772.37,Spice World,GUEST HOUSE
2023-05-12,1889.88,Wholesale Flour,GUEST HOUSE
2023-05-12,9977.7,Spice World,MESS 1
2023-05-12,1570.78,Wholesale Flour,MESS 1
2023-05-12,3142.64,Daily Fresh Milk,MESS 2
2023-05-12,1035.3,Green Leaf Salads,MESS 2
2023-05-12,1318.02,Priya Vegitables Chalai,MESS 2
2023-05-13,16937.02,C H M Traders Nandini,CANTEEN
2023-05-13,1150.54,Milan Agencies,CANTEEN
2023-05-13,10628.38,Baker Choice,GUEST HOUSE
2023-05-13,78208.97,Blue Water Supplies,GUEST HOUSE
2023-05-13,3652.18,General Provision Store,GUEST HOUSE
2023-05-13,30917.27,Wholesale Flour,MESS 1
2023-05-13,5519.42,Priya Vegitables Chalai,MESS 1
2023-05-13,6738.95,Amma Vegitables,MESS 1
2023-05-13,3101.45,Priya Vegitables Chalai,MESS 2
2023-05-13,12501.89,Amma Vegitables,MESS 2
2023-05-14,8051.86,Spice World,CANTEEN
2023-05-14,2035.23,City Meat Center,GUEST HOUSE
2023-05-14,1711.04,Blue Water Supplies,GUEST HOUSE
2023-05-14,376.0,Daily Fresh Milk,MESS 1
2023-05-14,3110.53,Baker Choice,MESS 1
2023-05-14,1111.78,C H M Traders Nandini,MESS 2
2023-05-14,12227.82,Green Leaf Salads,MESS 2
2023-05-14,288.83,Priya Vegitables Chalai,MESS 2
2023-05-15,4286.21,City Meat Center,CANTEEN
2023-05-15,15070.86,Priya Vegitables Chalai,CANTEEN
2023-05-15,5228.44,Amma Vegitables,CANTEEN
2023-05-15,23958.53,Priya Vegitables Chalai,GUEST HOUSE
2023-05-15,2882.49,Amma Vegitables,GUEST HOUSE
2023-05-15,1789.12,Baker Choice,MESS 1
2023-05-15,3291.01,Spice World,MESS 2
2023-05-15,3581.88,Wholesale Flour,MESS 2
2023-05-16,10359.09,Daily Fresh Milk,CANTEEN
2023-05-16,4941.33,Baker Choice,CANTEEN
2023-05-16,2283.95,C H M Traders Nandini,GUEST HOUSE
2023-05-16,22291.92,City Meat Center,GUEST HOUSE
2023-05-16,330.94,Green Leaf Salads,GUEST HOUSE
2023-05-16,10687.72,Daily Fresh Milk,MESS 1
2023-05-16,1520.67,Baker Choice,MESS 1
2023-05-16,4327.06,Daily Fresh Milk,MESS 2
2023-05-16,2742.0,Baker Choice,MESS 2
2023-05-17,21081.15,Priya Vegitables Chalai,CANTEEN
2023-05-17,15445.34,Amma Vegitables,CANTEEN
2023-05-17,679.16,C H M Traders Nandini,GUEST HOUSE
2023-05-17,4837.56,Amma Vegitables,GUEST HOUSE
2023-05-17,14952.39,Priya Vegitables Chalai,MESS 1
2023-05-17,626.35,Amma Vegitables,MESS 1
2023-05-17,28175.6,Green Leaf Salads,MESS 2
2023-05-18,9664.24,Priya Vegitables Chalai,CANTEEN
2023-05-18,41899.69,Amma Vegitables,CANTEEN
2023-05-18,1275.9,Spice World,GUEST HOUSE
2023-05-18,755.19,Wholesale Flour,GUEST HOUSE
2023-05-18,1795.53,Green Leaf Salads,MESS 1
2023-05-18,1253.96,Farm Fresh Poultry,MESS 1
2023-05-18,422.53,General Provision Store,MESS 1
2023-05-18,7382.34,Priya Vegitables Chalai,MESS 2
2023-05-18,33683.84,Amma Vegitables,MESS 2
2023-05-19,1118.59,Priya Vegitables Chalai,CANTEEN
2023-05-19,21701.96,Amma Vegitables,CANTEEN
2023-05-19,3470.81,Daily Fresh Milk,GUEST HOUSE
2023-05-19,12991.11,City Meat Center,GUEST HOUSE
2023-05-19,3718.1,Farm Fresh Poultry,GUEST HOUSE
2023-05-19,1768.61,Priya Vegitables Chalai,MESS 1
2023-05-19,15279.42,Amma Vegitables,MESS 1
2023-05-19,1965.91,C H M Traders Nandini,MESS 2
2023-05-19,3237.7,Spice World,MESS 2
2023-05-20,563.18,Daily Fresh Milk,CANTEEN
2023-05-20,7798.68,Baker Choice,GUEST HOUSE
2023-05-20,681.38,Milan Agencies,GUEST HOUSE
2023-05-20,21063.4,Priya Vegitables Chalai,MESS 1
2023-05-20,9930.71,Amma Vegitables,MESS 1
2023-05-20,5996.64,C H M Traders Nandini,MESS 2
2023-05-20,1441.92,Milan Agencies,MESS 2
2023-05-21,18225.84,C H M Traders Nandini,CANTEEN
2023-05-21,1472.74,Milan Agencies,CANTEEN
2023-05-21,6549.81,Wholesale Flour,GUEST HOUSE
2023-05-21,1433.27,Blue Water Supplies,GUEST HOUSE
2023-05-21,1213.1,C H M Traders Nandini,MESS 1
2023-05-21,10269.48,Milan Agencies,MESS 1
2023-05-21,1392.83,Spice World,MESS 2
2023-05-21,2781.99,Wholesale Flour,MESS 2
2023-05-22,2278.61,Spice World,CANTEEN
2023-05-22,1556.53,Wholesale Flour,CANTEEN
2023-05-22,374.61,Daily Fresh Milk,GUEST HOUSE
2023-05-22,2211.62,Baker Choice,GUEST HOUSE
2023-05-22,4023.24,Green Leaf Salads,GUEST HOUSE
2023-05-22,4217.36,Priya Vegitables Chalai,MESS 1
2023-05-22,1874.86,Amma Vegitables,MESS 1
2023-05-22,3855.5,Baker Choice,MESS 2
2023-05-22,14705.44,Priya Vegitables Chalai,MESS 2
2023-05-22,1479.32,General Provision Store,MESS 2
2023-05-23,4817.96,Daily Fresh Milk,CANTEEN
2023-05-23,436.43,Baker Choice,CANTEEN
2023-05-23,11027.49,C H M Traders Nandini,GUEST HOUSE
2023-05-23,2039.37,Milan Agencies,GUEST HOUSE
2023-05-23,7728.66,Priya Vegitables Chalai,MESS 1
2023-05-23,2170.92,Amma Vegitables,MESS 1
2023-05-23,1484.16,Priya Vegitables Chalai,MESS 2
2023-05-23,9273.54,Amma Vegitables,MESS 2
2023-05-24,1697.34,C H M Traders Nandini,CANTEEN
2023-05-24,608.72,C H M Traders Nandini,GUEST HOUSE
2023-05-24,2078.83,Milan Agencies,GUEST HOUSE
2023-05-24,6678.35,Daily Fresh Milk,MESS 1
2023-05-24,1637.39,Baker Choice,MESS 1
2023-05-24,2369.78,Priya Vegitables Chalai,MESS 2
2023-05-24,10647.1,Amma Vegitables,MESS 2
2023-05-25,8762.34,Spice World,CANTEEN
2023-05-25,5813.3,Wholesale Flour,CANTEEN
2023-05-25,1959.18,Daily Fresh Milk,GUEST HOUSE
2023-05-25,22554.47,Green Leaf Salads,GUEST HOUSE
2023-05-25,1224.42,C H M Traders Nandini,MESS 1
2023-05-25,3446.95,Milan Agencies,MESS 1
2023-05-25,2743.52,Spice World,MESS 2
2023-05-25,3102.61,Wholesale Flour,MESS 2
2023-05-26,1846.9,Spice World,CANTEEN
2023-05-26,8867.77,Wholesale Flour,CANTEEN
2023-05-26,889.02,C H M Traders Nandini,GUEST HOUSE
2023-05-26,334.04,Daily Fresh Milk,GUEST HOUSE
2023-05-26,1955.9,Amma Vegitables,GUEST HOUSE
2023-05-26,31560.25,Priya Vegitables Chalai,MESS 1
2023-05-26,1253.99,Amma Vegitables,MESS 1
2023-05-26,2321.07,Farm Fresh Poultry,MESS 2
2023-05-27,7961.46,Daily Fresh Milk,CANTEEN
2023-05-27,3543.34,Spice World,GUEST HOUSE
2023-05-27,1642.11,Wholesale Flour,GUEST HOUSE
2023-05-27,2419.77,Daily Fresh Milk,MESS 1
2023-05-27,1297.52,Baker Choice,MESS 1
2023-05-27,2307.62,C H M Traders Nandini,MESS 2
2023-05-27,3588.68,General Provision Store,MESS 2
2023-05-28,2634.08,Spice World,CANTEEN
2023-05-28,6661.2,Daily Fresh Milk,GUEST HOUSE
2023-05-28,3540.2,Baker Choice,GUEST HOUSE
2023-05-28,7177.44,Amma Vegitables,GUEST HOUSE
2023-05-28,489.58,C H M Traders Nandini,MESS 1
2023-05-28,4254.09,Milan Agencies,MESS 1
2023-05-28,3387.52,Spice World,MESS 2
2023-05-28,2538.5,Wholesale Flour,MESS 2
2023-05-28,9945.06,Clean & Clear Services,MESS 2
2023-05-29,1137.03,Spice World,CANTEEN
2023-05-29,1153.78,Wholesale Flour,CANTEEN
2023-05-29,1143.21,Baker Choice,GUEST HOUSE
2023-05-29,696.27,Spice World,MESS 1
2023-05-29,2907.31,Wholesale Flour,MESS 1
2023-05-29,873.79,Daily Fresh Milk,MESS 2
2023-05-30,970.84,Clean & Clear Services,CANTEEN
2023-05-30,516.23,Priya Vegitables Chalai,GUEST HOUSE
2023-05-30,59103.35,Amma Vegitables,GUEST HOUSE
2023-05-30,16855.81,Milan Agencies,MESS 1
2023-05-30,413.26,Daily Fresh Milk,MESS 2
2023-05-30,3093.59,Baker Choice,MESS 2
2023-05-31,473.02,Priya Vegitables Chalai,CANTEEN
2023-05-31,3562.28,Amma Vegitables,CANTEEN
2023-05-31,1498.1,General Provision Store,GUEST HOUSE
2023-05-31,9061.78,Spice World,MESS 1
2023-05-31,1781.07,Wholesale Flour,MESS 1
2023-05-31,1522.34,C H M Traders Nandini,MESS 2
2023-05-31,10916.39,Milan Agencies,MESS 2
2023-06-01,1536.67,Blue Water Supplies,CANTEEN
2023-06-01,1325.81,Farm Fresh Poultry,CANTEEN
2023-06-01,592.39,Priya Vegitables Chalai,GUEST HOUSE
2023-06-01,215576.64,Daily Fresh Milk,MESS 1
2023-06-01,1390.64,Baker Choice,MESS 1
2023-06-01,1831.85,City Meat Center,MESS 2
2023-06-02,18672.11,Baker Choice,CANTEEN
2023-06-02,7358.11,Priya Vegitables Chalai,CANTEEN
2023-06-02,3913.25,Amma Vegitables,GUEST HOUSE
2023-06-02,5129.44,Spice World,MESS 1
2023-06-02,796.91,Wholesale Flour,MESS 1
2023-06-02,4437.76,Daily Fresh Milk,MESS 2
2023-06-02,3014.43,Baker Choice,MESS 2
2023-06-03,4058.93,Daily Fresh Milk,CANTEEN
2023-06-03,653.73,Baker Choice,CANTEEN
2023-06-03,2015.31,Spice World,GUEST HOUSE
2023-06-03,5011.46,Wholesale Flour,GUEST HOUSE
2023-06-03,7951.19,Daily Fresh Milk,MESS 1
2023-06-03,2098.49,Clean & Clear Services,MESS 1
2023-06-03,310.0,Priya Vegitables Chalai,MESS 2
2023-06-03,1374.76,Amma Vegitables,MESS 2
2023-06-04,2134.98,Baker Choice,CANTEEN
2023-06-04,722.61,Farm Fresh Poultry,CANTEEN
2023-06-04,6457.39,Daily Fresh Milk,GUEST HOUSE
2023-06-04,563.22,Baker Choice,GUEST HOUSE
2023-06-04,1878.32,Priya Vegitables Chalai,MESS 1
2023-06-04,2752.01,Amma Vegitables,MESS 1
2023-06-04,14779.67,Spice World,MESS 2
2023-06-04,1296.79,Wholesale Flour,MESS 2
2023-06-05,384.67,Baker Choice,CANTEEN
2023-06-05,2779.4,Farm Fresh Poultry,CANTEEN
2023-06-05,2049.68,General Provision Store,CANTEEN
2023-06-05,35516.24,C H M Traders Nandini,GUEST HOUSE
2023-06-05,797.84,Milan Agencies,GUEST HOUSE
2023-06-05,670.73,Green Leaf Salads,MESS 1
2023-06-05,753.63,Baker Choice,MESS 2
2023-06-05,8768.4,General Provision Store,MESS 2
2023-06-06,4890.31,C H M Traders Nandini,CANTEEN
2023-06-06,23452.59,Milan Agencies,CANTEEN
2023-06-06,746.96,C H M Traders Nandini,GUEST HOUSE
2023-06-06,13614.32,Milan Agencies,GUEST HOUSE
2023-06-06,507.69,Spice World,MESS 1
2023-06-06,1160.91,Wholesale Flour,MESS 1
2023-06-06,320.06,C H M Traders Nandini,MESS 2
2023-06-06,1934.28,Milan Agencies,MESS 2
2023-06-07,7316.75,Green Leaf Salads,CANTEEN
2023-06-07,5089.09,Amma Vegitables,CANTEEN
2023-06-07,1054.99,C H M Traders Nandini,GUEST HOUSE
2023-06-07,7216.99,Milan Agencies,GUEST HOUSE
2023-06-07,5036.12,Daily Fresh Milk,MESS 1
2023-06-07,5870.33,General Provision Store,MESS 1
2023-06-07,40495.31,C H M Traders Nandini,MESS 2
2023-06-07,846.34,Milan Agencies,MESS 2
2023-06-08,46108.72,Daily Fresh Milk,CANTEEN
2023-06-08,7902.27,Baker Choice,CANTEEN
2023-06-08,3743.08,Daily Fresh Milk,GUEST HOUSE
2023-06-08,17879.0,Baker Choice,GUEST HOUSE
2023-06-08,1741.04,Blue Water Supplies,MESS 1
2023-06-08,4245.93,General Provision Store,MESS 1
2023-06-08,6477.12,Farm Fresh Poultry,MESS 1
2023-06-08,2208.57,Spice World,MESS 2
2023-06-08,1698.2,Wholesale Flour,MESS 2
2023-06-09,1129.35,C H M Traders Nandini,CANTEEN
2023-06-09,7939.57,Milan Agencies,CANTEEN
2023-06-09,2657.48,Farm Fresh Poultry,GUEST HOUSE
2023-06-09,4740.81,City Meat Center,MESS 1
2023-06-09,2237.27,Spice World,MESS 2
2023-06-09,4414.11,Baker Choice,MESS 2
2023-06-09,24282.77,Priya Vegitables Chalai,MESS 2
2023-06-10,12135.79,Priya Vegitables Chalai,CANTEEN
2023-06-10,10717.8,Amma Vegitables,CANTEEN
2023-06-10,11362.77,C H M Traders Nandini,GUEST HOUSE
2023-06-10,2329.3,Priya Vegitables Chalai,GUEST HOUSE
2023-06-10,3818.03,Clean & Clear Services,GUEST HOUSE
2023-06-10,7962.7,Daily Fresh Milk,MESS 1
2023-06-10,13349.39,Baker Choice,MESS 1
2023-06-10,2029.74,City Meat Center,MESS 2
2023-06-11,11388.1,Wholesale Flour,CANTEEN
2023-06-11,6719.57,C H M Traders Nandini,GUEST HOUSE
2023-06-11,1686.18,Spice World,MESS 1
2023-06-11,736.14,Milan Agencies,MESS 1
2023-06-11,20085.81,Clean & Clear Services,MESS 1
2023-06-11,1071.24,Spice World,MESS 2
2023-06-11,66446.82,Wholesale Flour,MESS 2
2023-06-12,3224.83,Spice World,CANTEEN
2023-06-12,2914.01,Farm Fresh Poultry,CANTEEN
2023-06-12,3452.64,Priya Vegitables Chalai,GUEST HOUSE
2023-06-12,7476.99,Amma Vegitables,GUEST HOUSE
2023-06-12,3370.56,Baker Choice,MESS 1
2023-06-12,2779.32,Baker Choice,MESS 2
2023-06-12,10039.28,Farm Fresh Poultry,MESS 2
2023-06-12,677.94,General Provision Store,MESS 2
2023-06-13,1446.29,Priya Vegitables Chalai,CANTEEN
2023-06-13,1021.29,Amma Vegitables,CANTEEN
2023-06-13,21399.1,City Meat Center,GUEST HOUSE
2023-06-13,14948.88,Clean & Clear Services,GUEST HOUSE
2023-06-13,1105.87,Daily Fresh Milk,MESS 1
2023-06-13,2320.56,Baker Choice,MESS 1
2023-06-13,1596.84,Priya Vegitables Chalai,MESS 2
2023-06-13,13077.12,Amma Vegitables,MESS 2
2023-06-14,3201.43,Daily Fresh Milk,CANTEEN
2023-06-14,1097.49,Baker Choice,CANTEEN
2023-06-14,1477.22,C H M Traders Nandini,GUEST HOUSE
2023-06-14,103853.4,Milan Agencies,GUEST HOUSE
2023-06-14,1356.31,Baker Choice,MESS 1
2023-06-14,2985.77,Green Leaf Salads,MESS 1
2023-06-14,1984.82,Priya Vegitables Chalai,MESS 2
2023-06-14,1243.2,General Provision Store,MESS 2
2023-06-15,493.0,Priya Vegitables Chalai,CANTEEN
2023-06-15,2766.38,C H M Traders Nandini,GUEST HOUSE
2023-06-15,2777.66,Milan Agencies,GUEST HOUSE
2023-06-15,2373.3,C H M Traders Nandini,MESS 1
2023-06-15,13265.62,Milan Agencies,MESS 1
2023-06-15,863.0,C H M Traders Nandini,MESS 2
2023-06-15,1398.37,Blue Water Supplies,MESS 2
2023-06-15,3742.19,Clean & Clear Services,MESS 2
2023-06-16,1956.38,Daily Fresh Milk,CANTEEN
2023-06-16,4723.76,Baker Choice,CANTEEN
2023-06-16,1732.8,C H M Traders Nandini,GUEST HOUSE
2023-06-16,179259.86,Milan Agencies,GUEST HOUSE
2023-06-16,4204.55,Priya Vegitables Chalai,MESS 1
2023-06-16,974.57,Amma Vegitables,MESS 1
2023-06-16,5998.58,Daily Fresh Milk,MESS 2
2023-06-16,2084.2,Baker Choice,MESS 2
2023-06-17,2387.68,Priya Vegitables Chalai,CANTEEN
2023-06-17,2779.2,Spice World,GUEST HOUSE
2023-06-17,783.14,Wholesale Flour,GUEST HOUSE
2023-06-17,1233.68,C H M Traders Nandini,MESS 1
2023-06-17,56621.13,Milan Agencies,MESS 1
2023-06-17,1375.3,Daily Fresh Milk,MESS 2
2023-06-17,971.29,Baker Choice,MESS 2
2023-06-18,2456.97,Priya Vegitables Chalai,CANTEEN
2023-06-18,1204.57,Amma Vegitables,CANTEEN
2023-06-18,10462.21,Spice World,GUEST HOUSE
2023-06-18,2993.88,Wholesale Flour,GUEST HOUSE
2023-06-18,1031.04,Priya Vegitables Chalai,MESS 1
2023-06-18,1031.38,Amma Vegitables,MESS 1
2023-06-18,4600.09,Clean & Clear Services,MESS 2
2023-06-19,2306.83,C H M Traders Nandini,CANTEEN
2023-06-19,2473.79,Milan Agencies,CANTEEN
2023-06-19,666.14,Daily Fresh Milk,GUEST HOUSE
2023-06-19,1001.35,Baker Choice,GUEST HOUSE
2023-06-19,18790.92,Daily Fresh Milk,MESS 1
2023-06-19,1464.16,Baker Choice,MESS 1
2023-06-19,2166.92,Baker Choice,MESS 2
2023-06-19,18857.01,General Provision Store,MESS 2
2023-06-20,3363.22,Spice World,CANTEEN
2023-06-20,8617.57,Green Leaf Salads,CANTEEN
2023-06-20,15087.78,Amma Vegitables,CANTEEN
2023-06-20,4802.16,Priya Vegitables Chalai,GUEST HOUSE
2023-06-20,7002.93,Baker Choice,MESS 1
2023-06-20,1863.45,Amma Vegitables,MESS 1
2023-06-20,2609.73,C H M Traders Nandini,MESS 2
2023-06-20,1736.33,Milan Agencies,MESS 2
2023-06-21,497.76,Spice World,CANTEEN
2023-06-21,6858.07,Wholesale Flour,CANTEEN
2023-06-21,3187.59,C H M Traders Nandini,GUEST HOUSE
2023-06-21,4926.03,Milan Agencies,GUEST HOUSE
2023-06-21,4047.73,Priya Vegitables Chalai,MESS 1
2023-06-21,2109.04,Amma Vegitables,MESS 1
2023-06-21,24480.44,Priya Vegitables Chalai,MESS 2
2023-06-21,898.92,Amma Vegitables,MESS 2
2023-06-22,1983.74,Daily Fresh Milk,CANTEEN
2023-06-22,22358.83,Milan Agencies,CANTEEN
2023-06-22,503.63,Daily Fresh Milk,GUEST HOUSE
2023-06-22,6711.26,Baker Choice,GUEST HOUSE
2023-06-22,20880.7,C H M Traders Nandini,MESS 1
2023-06-22,2230.24,Daily Fresh Milk,MESS 1
2023-06-22,6458.41,Baker Choice,MESS 1
2023-06-22,48487.26,Farm Fresh Poultry,MESS 2
2023-06-22,7562.95,Milan Agencies,MESS 2
2023-06-23,565.75,Spice World,CANTEEN
2023-06-23,41866.61,Wholesale Flour,CANTEEN
2023-06-23,28751.23,Daily Fresh Milk,GUEST HOUSE
2023-06-23,2359.48,Priya Vegitables Chalai,MESS 1
2023-06-23,14384.92,Amma Vegitables,MESS 1
2023-06-23,5470.47,Daily Fresh Milk,MESS 2
2023-06-23,331.78,Farm Fresh Poultry,MESS 2
2023-06-24,4707.92,C H M Traders Nandini,CANTEEN
2023-06-24,29485.77,Milan Agencies,CANTEEN
2023-06-24,8095.23,C H M Traders Nandini,GUEST HOUSE
2023-06-24,1339.58,Priya Vegitables Chalai,GUEST HOUSE
2023-06-24,952.44,General Provision Store,GUEST HOUSE
2023-06-24,804.97,Priya Vegitables Chalai,MESS 1
2023-06-24,5991.78,Amma Vegitables,MESS 1
2023-06-24,16896.84,C H M Traders Nandini,MESS 2
2023-06-24,622.7,Milan Agencies,MESS 2
2023-06-25,7149.47,Daily Fresh Milk,CANTEEN
2023-06-25,8315.46,Baker Choice,CANTEEN
2023-06-25,31217.26,Spice World,GUEST HOUSE
2023-06-25,826.79,Wholesale Flour,GUEST HOUSE
2023-06-25,569.51,C H M Traders Nandini,MESS 1
2023-06-25,1525.63,Milan Agencies,MESS 1
2023-06-25,4988.55,Wholesale Flour,MESS 2
2023-06-25,1326.23,Blue Water Supplies,MESS 2
2023-06-25,2926.87,Milan Agencies,MESS 2
2023-06-26,6834.4,Daily Fresh Milk,CANTEEN
2023-06-26,4917.66,Baker Choice,CANTEEN
2023-06-26,1033.48,City Meat Center,GUEST HOUSE
2023-06-26,4539.63,Milan Agencies,GUEST HOUSE
2023-06-26,9315.33,Wholesale Flour,MESS 1
2023-06-26,7687.47,Priya Vegitables Chalai,MESS 1
2023-06-26,1424.0,Spice World,MESS 2
2023-06-26,1665.01,Wholesale Flour,MESS 2
2023-06-27,3499.49,C H M Traders Nandini,CANTEEN
2023-06-27,2358.02,Milan Agencies,CANTEEN
2023-06-27,190.45,Daily Fresh Milk,GUEST HOUSE
2023-06-27,2849.8,Baker Choice,GUEST HOUSE
2023-06-27,281.0,Spice World,MESS 1
2023-06-27,4846.15,Wholesale Flour,MESS 1
2023-06-27,643.87,Daily Fresh Milk,MESS 2
2023-06-27,1034.56,Priya Vegitables Chalai,MESS 2
2023-06-28,716.58,Wholesale Flour,CANTEEN
2023-06-28,1831.53,Blue Water Supplies,CANTEEN
2023-06-28,1963.55,Clean & Clear Services,CANTEEN
2023-06-28,4894.1,Daily Fresh Milk,GUEST HOUSE
2023-06-28,25741.48,Baker Choice,GUEST HOUSE
2023-06-28,2467.55,Spice World,MESS 1
2023-06-28,4820.16,Wholesale Flour,MESS 1
2023-06-28,2287.18,Spice World,MESS 2
2023-06-28,6004.33,Wholesale Flour,MESS 2
2023-06-29,6879.73,Spice World,CANTEEN
2023-06-29,1680.87,Baker Choice,CANTEEN
2023-06-29,1173.07,Blue Water Supplies,CANTEEN
2023-06-29,12165.23,Baker Choice,GUEST HOUSE
2023-06-29,546.27,Blue Water Supplies,GUEST HOUSE
2023-06-29,21923.92,Priya Vegitables Chalai,MESS 1
2023-06-29,3834.62,Amma Vegitables,MESS 1
2023-06-29,4274.57,C H M Traders Nandini,MESS 2
2023-06-29,954.63,Milan Agencies,MESS 2
2023-06-30,3343.47,City Meat Center,CANTEEN
2023-06-30,8511.83,Farm Fresh Poultry,CANTEEN
2023-06-30,5411.45,Daily Fresh Milk,GUEST HOUSE
2023-06-30,788.44,Baker Choice,GUEST HOUSE
2023-06-30,7111.59,Blue Water Supplies,MESS 1
2023-06-30,318.1,Baker Choice,MESS 1
2023-06-30,5184.56,Farm Fresh Poultry,MESS 1
2023-06-30,3509.12,C H M Traders Nandini,MESS 2
2023-06-30,2215.41,Milan Agencies,MESS 2
2023-07-01,1199.0,Daily Fresh Milk,CANTEEN
2023-07-01,5264.41,Baker Choice,CANTEEN
2023-07-01,24918.16,Amma Vegitables,GUEST HOUSE
2023-07-01,2009.81,Daily Fresh Milk,MESS 1
2023-07-01,1018.24,Baker Choice,MESS 1
2023-07-01,7060.48,Spice World,MESS 2
2023-07-01,2112.38,City Meat Center,MESS 2
2023-07-02,1300.06,Daily Fresh Milk,CANTEEN
2023-07-02,492.09,Baker Choice,CANTEEN
2023-07-02,484.92,Spice World,GUEST HOUSE
2023-07-02,1678.12,Wholesale Flour,GUEST HOUSE
2023-07-02,13656.85,Daily Fresh Milk,MESS 1
2023-07-02,592.85,Baker Choice,MESS 1
2023-07-02,2235.02,C H M Traders Nandini,MESS 2
2023-07-02,545.53,Milan Agencies,MESS 2
2023-07-03,1020.16,Priya Vegitables Chalai,CANTEEN
2023-07-03,6064.05,Farm Fresh Poultry,CANTEEN
2023-07-03,2276.71,Milan Agencies,GUEST HOUSE
2023-07-03,1100.02,C H M Traders Nandini,MESS 1
2023-07-03,9533.38,Milan Agencies,MESS 1
2023-07-03,3044.65,Daily Fresh Milk,MESS 2
2023-07-03,6511.96,Baker Choice,MESS 2
2023-07-04,10586.27,Daily Fresh Milk,CANTEEN
2023-07-04,1052.34,Baker Choice,CANTEEN
2023-07-04,12691.29,Amma Vegitables,GUEST HOUSE
2023-07-04,2245.11,General Provision Store,GUEST HOUSE
2023-07-04,12064.41,Clean & Clear Services,GUEST HOUSE
2023-07-04,510.58,C H M Traders Nandini,MESS 1
2023-07-04,1175.43,Milan Agencies,MESS 1
2023-07-04,2964.94,City Meat Center,MESS 2
2023-07-05,2340.21,Daily Fresh Milk,CANTEEN
2023-07-05,479.41,Baker Choice,CANTEEN
2023-07-05,2870.98,Clean & Clear Services,GUEST HOUSE
2023-07-05,583.5,Daily Fresh Milk,MESS 1
2023-07-05,3607.8,Baker Choice,MESS 1
2023-07-05,1320.32,General Provision Store,MESS 2
2023-07-05,4284.22,Daily Fresh Milk,MESS 2
2023-07-05,2736.5,Milan Agencies,MESS 2
2023-07-06,1223.73,Spice World,CANTEEN
2023-07-06,3319.97,Wholesale Flour,CANTEEN
2023-07-06,10147.1,Spice World,GUEST HOUSE
2023-07-06,21225.42,Wholesale Flour,GUEST HOUSE
2023-07-06,1912.17,Spice World,MESS 1
2023-07-06,3622.56,Wholesale Flour,MESS 1
2023-07-06,1276.42,Daily Fresh Milk,MESS 2
2023-07-06,5518.51,Baker Choice,MESS 2
2023-07-07,3551.88,Spice World,CANTEEN
2023-07-07,953.1,Wholesale Flour,CANTEEN
2023-07-07,7812.07,C H M Traders Nandini,GUEST HOUSE
2023-07-07,492.38,Milan Agencies,GUEST HOUSE
2023-07-07,2259.84,C H M Traders Nandini,MESS 1
2023-07-07,10779.1,Milan Agencies,MESS 1
2023-07-07,2991.69,Priya Vegitables Chalai,MESS 2
2023-07-07,670.01,Amma Vegitables,MESS 2
2023-07-08,1091.71,Daily Fresh Milk,CANTEEN
2023-07-08,5168.99,Baker Choice,CANTEEN
2023-07-08,609.49,C H M Traders Nandini,GUEST HOUSE
2023-07-08,670.3,Milan Agencies,GUEST HOUSE
2023-07-08,745.29,Daily Fresh Milk,MESS 1
2023-07-08,1053.73,Baker Choice,MESS 1
2023-07-08,527.01,Green Leaf Salads,MESS 2
2023-07-09,7805.36,Priya Vegitables Chalai,CANTEEN
2023-07-09,1375.65,Amma Vegitables,CANTEEN
2023-07-09,8076.34,Daily Fresh Milk,GUEST HOUSE
2023-07-09,2542.3,Baker Choice,GUEST HOUSE
2023-07-09,3651.42,Farm Fresh Poultry,MESS 1
2023-07-09,2136.77,Spice World,MESS 2
2023-07-09,2682.94,Wholesale Flour,MESS 2
2023-07-10,4510.14,Farm Fresh Poultry,CANTEEN
2023-07-10,9963.73,Clean & Clear Services,CANTEEN
2023-07-10,3384.9,Priya Vegitables Chalai,GUEST HOUSE
2023-07-10,5207.49,Farm Fresh Poultry,GUEST HOUSE
2023-07-10,3007.76,Spice World,MESS 1
2023-07-10,7041.06,Green Leaf Salads,MESS 1
2023-07-10,3998.06,Blue Water Supplies,MESS 1
2023-07-10,1217.26,C H M Traders Nandini,MESS 2
2023-07-10,4664.25,Milan Agencies,MESS 2
2023-07-11,8247.81,Green Leaf Salads,CANTEEN
2023-07-11,617.51,Blue Water Supplies,CANTEEN
2023-07-11,2322.45,Clean & Clear Services,CANTEEN
2023-07-11,1043.85,C H M Traders Nandini,GUEST HOUSE
2023-07-11,1249.77,Milan Agencies,GUEST HOUSE
2023-07-11,8644.04,Green Leaf Salads,MESS 1
2023-07-11,14176.41,Milan Agencies,MESS 1
2023-07-11,9336.59,Spice World,MESS 2
2023-07-11,3921.02,Wholesale Flour,MESS 2
2023-07-12,4548.99,Spice World,CANTEEN
2023-07-12,1282.19,Wholesale Flour,CANTEEN
2023-07-12,2103.42,Farm Fresh Poultry,GUEST HOUSE
2023-07-12,1291.39,Milan Agencies,GUEST HOUSE
2023-07-12,13419.58,Farm Fresh Poultry,MESS 1
2023-07-12,1470.48,Priya Vegitables Chalai,MESS 2
2023-07-12,822.3,Amma Vegitables,MESS 2
2023-07-13,5178.77,Daily Fresh Milk,CANTEEN
2023-07-13,7237.54,Green Leaf Salads,CANTEEN
2023-07-13,3423.86,Priya Vegitables Chalai,GUEST HOUSE
2023-07-13,7135.89,Amma Vegitables,GUEST HOUSE
2023-07-13,4936.22,Priya Vegitables Chalai,MESS 1
2023-07-13,3010.12,Amma Vegitables,MESS 1
2023-07-13,96482.4,Spice World,MESS 2
2023-07-13,7127.3,Priya Vegitables Chalai,MESS 2
2023-07-14,921.64,Priya Vegitables Chalai,CANTEEN
2023-07-14,11831.75,Amma Vegitables,CANTEEN
2023-07-14,7432.65,Spice World,GUEST HOUSE
2023-07-14,9176.19,Wholesale Flour,GUEST HOUSE
2023-07-14,1311.47,Blue Water Supplies,MESS 1
2023-07-14,1301.3,Spice World,MESS 2
2023-07-14,2876.22,Wholesale Flour,MESS 2
2023-07-15,6166.43,C H M Traders Nandini,CANTEEN
2023-07-15,2089.09,Milan Agencies,CANTEEN
2023-07-15,3983.15,Daily Fresh Milk,GUEST HOUSE
2023-07-15,1195.42,Baker Choice,GUEST HOUSE
2023-07-15,1871.42,Priya Vegitables Chalai,MESS 1
2023-07-15,3278.86,Wholesale Flour,MESS 2
2023-07-16,3404.9,Daily Fresh Milk,CANTEEN
2023-07-16,1601.85,Baker Choice,CANTEEN
2023-07-16,3749.72,Priya Vegitables Chalai,GUEST HOUSE
2023-07-16,2636.93,Priya Vegitables Chalai,MESS 1
2023-07-16,6661.12,Amma Vegitables,MESS 1
2023-07-16,204.12,Daily Fresh Milk,MESS 2
2023-07-16,604.71,Baker Choice,MESS 2
2023-07-17,1543.01,Daily Fresh Milk,CANTEEN
2023-07-17,2235.76,Baker Choice,CANTEEN
2023-07-17,13301.1,C H M Traders Nandini,GUEST HOUSE
2023-07-17,308.62,Baker Choice,GUEST HOUSE
2023-07-17,58645.77,Daily Fresh Milk,MESS 1
2023-07-17,1749.54,Baker Choice,MESS 1
2023-07-17,1490.89,C H M Traders Nandini,MESS 2
2023-07-17,5943.09,Milan Agencies,MESS 2
2023-07-18,7197.79,Daily Fresh Milk,CANTEEN
2023-07-18,321.43,Baker Choice,CANTEEN
2023-07-18,3208.02,C H M Traders Nandini,GUEST HOUSE
2023-07-18,2881.33,Milan Agencies,GUEST HOUSE
2023-07-18,792.64,Green Leaf Salads,MESS 1
2023-07-18,10662.81,Blue Water Supplies,MESS 1
2023-07-18,1602.42,Priya Vegitables Chalai,MESS 2
2023-07-18,2462.1,Amma Vegitables,MESS 2
2023-07-19,3252.64,Daily Fresh Milk,CANTEEN
2023-07-19,4002.19,Baker Choice,CANTEEN
2023-07-19,4702.96,Baker Choice,GUEST HOUSE
2023-07-19,277.77,General Provision Store,GUEST HOUSE
2023-07-19,1154.66,C H M Traders Nandini,MESS 1
2023-07-19,5236.52,Milan Agencies,MESS 1
2023-07-19,541.94,City Meat Center,MESS 2
2023-07-20,2483.73,Green Leaf Salads,CANTEEN
2023-07-20,6485.6,Priya Vegitables Chalai,GUEST HOUSE
2023-07-20,1118.44,Amma Vegitables,GUEST HOUSE
2023-07-20,1895.1,City Meat Center,MESS 1
2023-07-20,53540.07,Wholesale Flour,MESS 2
2023-07-20,8185.7,Amma Vegitables,MESS 2
2023-07-21,278.61,Wholesale Flour,CANTEEN
2023-07-21,4236.13,Priya Vegitables Chalai,CANTEEN
2023-07-21,13794.06,Daily Fresh Milk,GUEST HOUSE
2023-07-21,1130.38,Amma Vegitables,GUEST HOUSE
2023-07-21,1911.89,Clean & Clear Services,GUEST HOUSE
2023-07-21,4327.49,Daily Fresh Milk,MESS 1
2023-07-21,3418.58,Baker Choice,MESS 1
2023-07-21,2046.89,Daily Fresh Milk,MESS 2
2023-07-21,13668.42,Wholesale Flour,MESS 2
2023-07-21,4099.18,Milan Agencies,MESS 2
2023-07-22,34157.35,Priya Vegitables Chalai,CANTEEN
2023-07-22,18864.39,Amma Vegitables,CANTEEN
2023-07-22,3555.56,Daily Fresh Milk,GUEST HOUSE
2023-07-22,22342.42,Baker Choice,GUEST HOUSE
2023-07-22,5079.34,Priya Vegitables Chalai,MESS 1
2023-07-22,586.86,Amma Vegitables,MESS 1
2023-07-22,3518.38,C H M Traders Nandini,MESS 2
2023-07-22,2505.56,Milan Agencies,MESS 2
2023-07-23,1943.38,Daily Fresh Milk,CANTEEN
2023-07-23,24563.58,Baker Choice,CANTEEN
2023-07-23,1220.39,Priya Vegitables Chalai,GUEST HOUSE
2023-07-23,7892.78,Amma Vegitables,GUEST HOUSE
2023-07-23,1547.82,Spice World,MESS 1
2023-07-23,1343.7,Wholesale Flour,MESS 1
2023-07-23,630.39,C H M Traders Nandini,MESS 2
2023-07-24,3047.77,Spice World,CANTEEN
2023-07-24,4231.68,Wholesale Flour,CANTEEN
2023-07-24,14208.27,C H M Traders Nandini,GUEST HOUSE
2023-07-24,2520.65,Clean & Clear Services,GUEST HOUSE
2023-07-24,3086.05,Wholesale Flour,MESS 1
2023-07-24,7457.77,City Meat Center,MESS 2
2023-07-25,1248.5,Daily Fresh Milk,CANTEEN
2023-07-25,3021.02,Farm Fresh Poultry,CANTEEN
2023-07-25,1317.02,Spice World,GUEST HOUSE
2023-07-25,15858.9,Daily Fresh Milk,GUEST HOUSE
2023-07-25,2222.45,Amma Vegitables,GUEST HOUSE
2023-07-25,2034.37,Daily Fresh Milk,MESS 1
2023-07-25,11072.28,Baker Choice,MESS 1
2023-07-25,4304.96,Wholesale Flour,MESS 2
2023-07-25,1482.56,Priya Vegitables Chalai,MESS 2
2023-07-25,2139.55,Clean & Clear Services,MESS 2
2023-07-26,21931.47,Amma Vegitables,CANTEEN
2023-07-26,8677.48,Milan Agencies,CANTEEN
2023-07-26,4438.77,Clean & Clear Services,CANTEEN
2023-07-26,1134.21,Priya Vegitables Chalai,GUEST HOUSE
2023-07-26,73336.33,Amma Vegitables,GUEST HOUSE
2023-07-26,2721.17,Spice World,MESS 1
2023-07-26,1675.72,Baker Choice,MESS 1
2023-07-26,1564.41,Farm Fresh Poultry,MESS 1
2023-07-26,6203.8,Daily Fresh Milk,MESS 2
2023-07-26,836.37,Baker Choice,MESS 2
2023-07-27,6165.25,Spice World,CANTEEN
2023-07-27,2752.02,Wholesale Flour,CANTEEN
2023-07-27,3006.03,C H M Traders Nandini,GUEST HOUSE
2023-07-27,2762.3,Milan Agencies,GUEST HOUSE
2023-07-27,1253.79,Spice World,MESS 1
2023-07-27,2158.4,Wholesale Flour,MESS 1
2023-07-27,6977.72,Green Leaf Salads,MESS 2
2023-07-27,536.13,Farm Fresh Poultry,MESS 2
2023-07-28,2897.93,Daily Fresh Milk,CANTEEN
2023-07-28,12159.09,Baker Choice,CANTEEN
2023-07-28,7137.3,Daily Fresh Milk,GUEST HOUSE
2023-07-28,9795.11,Baker Choice,GUEST HOUSE
2023-07-28,2149.93,C H M Traders Nandini,MESS 1
2023-07-28,2968.28,Milan Agencies,MESS 1
2023-07-28,6251.93,Priya Vegitables Chalai,MESS 2
2023-07-28,3277.51,Amma Vegitables,MESS 2
2023-07-29,9231.92,Priya Vegitables Chalai,CANTEEN
2023-07-29,1815.97,Amma Vegitables,CANTEEN
2023-07-29,2017.77,Daily Fresh Milk,GUEST HOUSE
2023-07-29,6111.14,Clean & Clear Services,GUEST HOUSE
2023-07-29,9218.89,C H M Traders Nandini,MESS 1
2023-07-29,14398.52,Milan Agencies,MESS 1
2023-07-29,2388.74,Blue Water Supplies,MESS 2
2023-07-30,999.88,Daily Fresh Milk,CANTEEN
2023-07-30,3298.51,Baker Choice,CANTEEN
2023-07-30,2279.91,Baker Choice,GUEST HOUSE
2023-07-30,8763.68,Amma Vegitables,GUEST HOUSE
2023-07-30,24020.47,C H M Traders Nandini,MESS 1
2023-07-30,6395.19,General Provision Store,MESS 1
2023-07-30,27505.11,C H M Traders Nandini,MESS 2
2023-07-30,2605.13,Milan Agencies,MESS 2
2023-07-31,1978.28,C H M Traders Nandini,CANTEEN
2023-07-31,1911.02,Milan Agencies,CANTEEN
2023-07-31,15549.83,Wholesale Flour,GUEST HOUSE
2023-07-31,2192.51,Blue Water Supplies,GUEST HOUSE
2023-07-31,1734.5,General Provision Store,GUEST HOUSE
2023-07-31,12436.93,Blue Water Supplies,MESS 1
2023-07-31,1920.62,Daily Fresh Milk,MESS 2
2023-07-31,951.94,Baker Choice,MESS 2
2023-08-01,2169.89,Daily Fresh Milk,CANTEEN
2023-08-01,1453.92,Baker Choice,CANTEEN
2023-08-01,24452.04,Daily Fresh Milk,GUEST HOUSE
2023-08-01,1410.6,Baker Choice,GUEST HOUSE
2023-08-01,372.0,Spice World,MESS 1
2023-08-01,3194.13,Wholesale Flour,MESS 1
2023-08-01,4139.45,Spice World,MESS 2
2023-08-01,15705.64,Wholesale Flour,MESS 2
2023-08-02,815.12,Baker Choice,CANTEEN
2023-08-02,4888.16,Priya Vegitables Chalai,CANTEEN
2023-08-02,4786.53,Daily Fresh Milk,GUEST HOUSE
2023-08-02,22359.47,Baker Choice,GUEST HOUSE
2023-08-02,1106.34,C H M Traders Nandini,MESS 1
2023-08-02,13523.85,Milan Agencies,MESS 1
2023-08-02,11504.63,Spice World,MESS 2
2023-08-03,5174.1,Spice World,CANTEEN
2023-08-03,5008.97,Wholesale Flour,CANTEEN
2023-08-03,18422.98,C H M Traders Nandini,GUEST HOUSE
2023-08-03,7829.55,Spice World,GUEST HOUSE
2023-08-03,1429.61,Priya Vegitables Chalai,MESS 1
2023-08-03,6935.57,Amma Vegitables,MESS 1
2023-08-03,876.34,Wholesale Flour,MESS 2
2023-08-04,2551.6,City Meat Center,CANTEEN
2023-08-04,2740.61,C H M Traders Nandini,GUEST HOUSE
2023-08-04,1449.57,Milan Agencies,GUEST HOUSE
2023-08-04,3855.3,Spice World,MESS 1
2023-08-04,681.7,Milan Agencies,MESS 1
2023-08-04,2356.57,Blue Water Supplies,MESS 2
2023-08-04,3640.19,Milan Agencies,MESS 2
2023-08-05,24384.08,Blue Water Supplies,CANTEEN
2023-08-05,2686.14,Amma Vegitables,CANTEEN
2023-08-05,457.21,Daily Fresh Milk,GUEST HOUSE
2023-08-05,3359.88,Green Leaf Salads,GUEST HOUSE
2023-08-05,353.52,Amma Vegitables,GUEST HOUSE
2023-08-05,303.52,Spice World,MESS 1
2023-08-05,6211.39,Spice World,MESS 2
2023-08-05,65957.99,Wholesale Flour,MESS 2
2023-08-06,1079.55,Spice World,CANTEEN
2023-08-06,4681.28,Wholesale Flour,CANTEEN
2023-08-06,4973.93,Spice World,GUEST HOUSE
2023-08-06,2228.21,Wholesale Flour,GUEST HOUSE
2023-08-06,87078.31,City Meat Center,MESS 1
2023-08-06,5194.48,General Provision Store,MESS 1
2023-08-06,17243.02,Daily Fresh Milk,MESS 2
2023-08-06,6813.15,Clean & Clear Services,MESS 2
2023-08-07,3432.76,Spice World,CANTEEN
2023-08-07,4271.44,Daily Fresh Milk,GUEST HOUSE
2023-08-07,4597.11,Baker Choice,GUEST HOUSE
2023-08-07,4928.45,C H M Traders Nandini,MESS 1
2023-08-07,3656.15,Milan Agencies,MESS 1
2023-08-07,1542.79,Spice World,MESS 2
2023-08-07,7073.81,Wholesale Flour,MESS 2
2023-08-08,2210.9,Priya Vegitables Chalai,CANTEEN
2023-08-08,2117.74,Amma Vegitables,CANTEEN
2023-08-08,39362.26,Priya Vegitables Chalai,GUEST HOUSE
2023-08-08,586.33,Daily Fresh Milk,MESS 1
2023-08-08,1586.97,Baker Choice,MESS 1
2023-08-08,4259.97,Daily Fresh Milk,MESS 2
2023-08-08,786.01,Baker Choice,MESS 2
2023-08-09,2130.54,Priya Vegitables Chalai,CANTEEN
2023-08-09,4742.6,Amma Vegitables,CANTEEN
2023-08-09,3501.33,Spice World,GUEST HOUSE
2023-08-09,658.8,Wholesale Flour,GUEST HOUSE
2023-08-09,206.74,Spice World,MESS 1
2023-08-09,2926.41,Wholesale Flour,MESS 1
2023-08-09,2636.2,Spice World,MESS 2
2023-08-09,6490.04,Wholesale Flour,MESS 2
2023-08-09,2048.02,City Meat Center,MESS 2
2023-08-10,696.03,Daily Fresh Milk,CANTEEN
2023-08-10,10402.26,Baker Choice,CANTEEN
2023-08-10,927.63,Priya Vegitables Chalai,GUEST HOUSE
2023-08-10,2865.76,Amma Vegitables,GUEST HOUSE
2023-08-10,1039.72,C H M Traders Nandini,MESS 1
2023-08-10,4827.65,Milan Agencies,MESS 1
2023-08-10,2034.71,Daily Fresh Milk,MESS 2
2023-08-10,1924.98,Farm Fresh Poultry,MESS 2
2023-08-10,1152.25,Amma Vegitables,MESS 2
2023-08-11,2714.25,Spice World,CANTEEN
2023-08-11,19706.92,Wholesale Flour,CANTEEN
2023-08-11,10465.36,C H M Traders Nandini,GUEST HOUSE
2023-08-11,750.11,Milan Agencies,GUEST HOUSE
2023-08-11,2595.39,C H M Traders Nandini,MESS 1
2023-08-11,6386.35,Milan Agencies,MESS 1
2023-08-11,4872.41,Spice World,MESS 2
2023-08-11,2339.34,Wholesale Flour,MESS 2
2023-08-12,2717.68,Spice World,CANTEEN
2023-08-12,7583.07,Wholesale Flour,CANTEEN
2023-08-12,6630.39,City Meat Center,GUEST HOUSE
2023-08-12,4972.43,Clean & Clear Services,GUEST HOUSE
2023-08-12,441.24,Daily Fresh Milk,MESS 1
2023-08-12,947.79,Clean & Clear Services,MESS 1
2023-08-12,18596.99,Spice World,MESS 2
2023-08-12,6588.61,Wholesale Flour,MESS 2
2023-08-13,1650.15,Spice World,CANTEEN
2023-08-13,935.7,Wholesale Flour,CANTEEN
2023-08-13,3738.37,Daily Fresh Milk,GUEST HOUSE
2023-08-13,6460.74,Priya Vegitables Chalai,MESS 1
2023-08-13,3622.67,Amma Vegitables,MESS 1
2023-08-13,3381.68,Daily Fresh Milk,MESS 2
2023-08-13,2187.31,Baker Choice,MESS 2
